0,Victoria Patel,brownlisa@example.net,1910-06-11,0
1,Vincent Morris,dianediaz@example.com,2002-09-15,1
2,Jennifer Shelton,kharvey@example.com,1957-05-29,0
3,Jason Gillespie,estradatyler@example.net,1946-11-21,1
4,Mariah Carroll,james00@example.com,1933-07-14,0
5,Tammy Schmidt,sclark@example.org,1973-02-28,0
6,Ruth Shields,ksmith@example.net,1983-09-15,0
7,Angel Snyder,jrowe@example.org,2006-07-13,1
8,Susan Fuentes,angela87@example.com,1914-09-07,0
9,Diana Adams,rdominguez@example.com,1923-02-26,0
10,Adam Mcguire,rtate@example.org,2002-08-24,1
11,Ethan Sanders,fryetoni@example.com,1997-12-13,1
12,Ricky Sandoval,josephdoyle@example.net,1948-02-10,1
13,Christy Ross,aaronsmith@example.com,2002-02-05,0
14,Barbara Burton,grantjoseph@example.org,1951-05-18,0
15,Holly Hopkins,xnelson@example.org,1997-11-28,0
16,Rodney Jones,monicagalloway@example.net,1987-06-26,1
17,Jacqueline Henry,victorwilliams@example.com,1941-05-21,0
18,Melvin Leon,ddavis@example.net,1916-12-09,1
19,Amanda Turner,victoria62@example.net,1908-01-14,0
20,Jeffrey Wilson,joycerandolph@example.com,1928-07-29,1
21,Candace Rogers,dariusmartinez@example.net,1918-11-15,0
22,Matthew Nelson,franklinchristopher@example.net,1949-01-03,1
23,Rebecca Campbell,emack@example.net,1957-09-23,0
24,Kimberly Skinner,marydavis@example.com,2010-02-17,0
25,Joseph Smith,kimmatthew@example.net,1910-06-19,1
26,Amy Pennington,muellerkaren@example.org,1966-11-23,0
27,Emma Murphy,sarah58@example.org,2017-05-20,0
28,Jerry Williams,jaredmiller@example.com,1947-02-09,1
29,Colleen Bennett,scottjulia@example.net,1916-01-28,0
30,Jody Mayer,shaun89@example.org,2001-12-14,0
31,Leah Harris,plopez@example.org,1947-11-10,0
32,Eric Thornton,hicksstephen@example.org,1968-03-20,1
33,Melissa Gonzalez,abigailmolina@example.com,1967-02-19,0
34,Brooke Washington,kleingilbert@example.org,2014-09-23,0
35,Richard Patel,jessica58@example.org,2022-02-25,1
36,Michael Ward,marynovak@example.com,1990-04-16,1
37,Cindy Diaz,qmason@example.com,1989-08-11,0
38,Amanda Stevens,snyderchad@example.com,1938-02-17,0
39,Shelby Marks,danielle89@example.com,1969-08-15,0
40,Paula Jones,hwilkerson@example.com,1963-08-02,0
41,Antonio Reyes,patelmichaela@example.com,1928-04-13,1
42,Shelia Merritt,toddaustin@example.com,1983-02-10,0
43,Emily Davis,sarah51@example.org,1932-10-04,0
44,Tara Allen,jennifer28@example.org,1936-03-28,0
45,Jennifer Campbell,katherinegrant@example.net,2008-04-27,0
46,Danny Young,danieldunn@example.net,1962-12-24,1
47,Eric Contreras,pamela81@example.org,1966-09-18,1
48,Alicia Matthews,jamescervantes@example.net,1985-11-14,0
49,Katherine Silva,anthony65@example.org,1906-04-21,0
50,James Rivera,john44@example.com,1950-06-13,1
51,Tonya Sanders,rnichols@example.com,1926-11-15,0
52,Mary Cox,donaldtaylor@example.com,1939-08-11,0
53,Jason Moore,ortegapaul@example.net,1937-06-29,1
54,Grace Haynes,tonyharris@example.net,1997-02-03,0
55,Jimmy Johnson,pauljones@example.net,1958-04-24,1
56,Jessica Dominguez,breanna62@example.com,1950-05-03,0
57,David Green,johncarter@example.com,2002-06-13,1
58,Heather Baker,melissa01@example.org,2000-09-02,0
59,Amy Avila,jacobrogers@example.com,1910-09-16,0
60,Margaret Mcintyre,julie56@example.net,2007-11-23,0
61,Francisco Garrett,garrettgregory@example.net,2017-11-14,1
62,Russell Barnett,sarah28@example.com,1975-11-13,1
63,Sarah Cross,davidsonlisa@example.net,1954-10-02,0
64,Jeremy Flores,morrowlinda@example.org,1933-04-14,1
65,Jennifer Mcdaniel,derricknorton@example.org,1953-03-19,0
66,Todd Tate,tamaradorsey@example.net,1994-02-20,1
67,Brooke Bell,jpierce@example.org,1922-09-10,0
68,Timothy Watkins,barryhernandez@example.org,1937-02-11,1
69,Patty Berry,kevin02@example.com,1987-05-01,0
70,Thomas Farley,mauricepatterson@example.net,1994-10-11,1
71,Russell Wright,anthony23@example.org,1973-04-15,1
72,Jonathan Pierce,andersonpamela@example.net,1970-07-30,1
73,Christopher Brooks,megan04@example.org,1989-10-31,1
74,Renee Hardin,alicialee@example.net,1918-10-08,0
75,Austin Saunders,tconrad@example.net,2012-05-17,1
76,Christopher Chavez,dkelley@example.net,1979-11-19,1
77,James Davis,laura67@example.net,1970-02-16,1
78,Robert Herrera,agates@example.org,1917-04-20,1
79,James Reynolds,umorales@example.org,2010-08-11,1
80,Sherry Johnson,qlewis@example.com,1970-07-20,0
81,Marc Cole,ekim@example.com,1973-09-01,1
82,Luis Conner,wallaceveronica@example.net,1994-12-31,1
83,Thomas Johnson,zedwards@example.com,1987-03-07,1
84,Marcus Mccall,marcus47@example.net,1950-08-08,1
85,Tiffany Dean,angelamayer@example.com,1986-03-12,0
86,Cheryl Holloway,fthompson@example.net,1916-02-01,0
87,Nicholas Arellano,williamsandrea@example.net,1930-08-16,1
88,Laura Williams,ychung@example.org,1979-09-13,0
89,Steven Cunningham,rubiobrandon@example.org,1912-06-24,1
90,Jeffery Collins,sharon06@example.net,1961-03-10,1
91,Ryan Burnett,lori72@example.com,1949-11-16,1
92,Christine Weber,jack93@example.org,1938-07-16,0
93,Sherry Scott,thompsonjeffrey@example.net,1927-01-02,0
94,Tara Jones,hawkinsvincent@example.net,1926-06-26,0
95,Justin Allen,uhayes@example.net,1962-07-14,1
96,Brian Harrison,tiffanyhansen@example.net,1996-11-15,1
97,Sabrina Meyer,zrodriguez@example.org,2017-03-02,0
98,Michael Johnson,wsmith@example.com,1976-08-15,1
99,Justin Jones,mmcdaniel@example.net,1966-05-27,1
100,Lori Coleman,katelynmoore@example.com,1986-04-03,0
101,Donna Hall,stephanietaylor@example.com,1950-04-22,0
102,Dawn Kramer,reidjames@example.com,1945-09-06,0
103,Kimberly Russell,sarah22@example.org,1906-11-16,0
104,Stacy Decker,dhart@example.com,1939-11-26,0
105,William Stone,youngchristopher@example.net,1964-07-04,1
106,Ernest Conley,townsendjaime@example.net,1924-07-27,1
107,John Brooks,jeanross@example.com,1956-09-19,1
108,Charles Watkins,qsummers@example.com,1924-10-03,1
109,Kayla Bennett,elizabethtaylor@example.org,1914-03-31,0
110,Angel Owens,pburke@example.org,1935-12-24,1
111,Sarah Bell,dylan90@example.com,1914-06-15,0
112,Taylor Mason,gparker@example.org,1943-09-22,0
113,Donald Campbell,gklein@example.com,1943-02-17,1
114,Elizabeth Walker,richardmartinez@example.net,2006-10-19,0
115,Stacey Castro,bradleyreynolds@example.net,1951-03-30,0
116,Paul Hayes,donnajohnson@example.org,1916-09-24,1
117,Holly Evans,joseph99@example.org,2014-08-09,0
118,Amber Benson,howardsabrina@example.net,1964-09-25,0
119,Amy Bell,mhoward@example.org,1984-11-04,0
120,Marcus Lozano,amberrandall@example.org,1971-04-25,1
121,Jose Williams,sarah68@example.org,1999-02-06,1
122,Daniel Evans,hilldaniel@example.net,2012-10-17,1
123,Randall Riley,tina89@example.net,1922-09-11,1
124,Vicki Johnson,vdecker@example.net,2018-03-13,0
125,Julian Zamora,ugarcia@example.org,2010-02-24,1
126,William Frederick,virginiagross@example.net,2019-10-22,1
127,Eric Jackson,collinsjeffrey@example.org,2010-03-14,1
128,Lance Johnson,taylorlittle@example.net,1929-03-03,1
129,Cindy Hester,tonya86@example.org,2014-10-14,0
130,Timothy Chambers,katherineroberts@example.org,1951-10-18,1
131,Jason Miller,tamarabennett@example.org,1915-08-19,1
132,Charles Henson,jaclynmunoz@example.com,1964-03-03,1
133,Christopher Thomas,rleonard@example.org,1973-05-17,1
134,John Phillips,peter74@example.org,1973-05-02,1
135,Chad West,amanda34@example.org,1910-03-01,1
136,Dr. Kevin Williams,brian48@example.net,1925-10-19,1
137,James Lee,morrisonthomas@example.com,1915-11-09,1
138,Todd Allen,bpeterson@example.com,1916-06-14,1
139,Rebecca Rhodes,marcussingh@example.net,1925-09-21,0
140,Andrew Jones,jacob92@example.org,1925-02-27,1
141,Rebecca Cohen,turnerwhitney@example.org,1967-01-17,0
142,Willie Navarro,morenoseth@example.org,1980-09-17,1
143,James Neal,ronniegarcia@example.net,1951-06-20,1
144,Shannon Chapman,raychristopher@example.net,1960-11-12,0
145,Andrew Robinson,wkelley@example.net,1914-05-11,1
146,Christopher Bolton,amandagibson@example.net,1939-07-17,1
147,Barbara Sims,nadkins@example.com,2011-02-15,0
148,Lisa Mcclure,ksmith@example.org,2003-10-02,0
149,Elizabeth Taylor,kingdestiny@example.net,1917-11-19,0
150,Thomas Houston,veronica31@example.net,1944-05-07,1
151,Bruce Jacobs,williamsthomas@example.com,1907-04-14,1
152,John Lambert,zmay@example.com,1984-07-21,1
153,Linda Douglas,erikaeverett@example.net,2007-06-26,0
154,Francisco Burns,christian14@example.org,1941-02-08,1
155,Jacob Williams,collinschristopher@example.net,1972-08-16,1
156,Terry Wagner,holmesedgar@example.org,1952-03-03,1
157,Kirk Morgan,roger93@example.net,1931-09-28,1
158,Emma Edwards,khodges@example.org,1934-03-29,0
159,Amber Lopez,angela44@example.net,1949-05-07,0
160,Dr. Scott Moore,yjones@example.com,2013-05-08,1
161,Gary Diaz,carlosharper@example.net,1991-04-29,1
162,Pamela Thompson,curtis28@example.org,1916-08-01,0
163,Ashley Carter,michael45@example.org,2005-06-25,0
164,Ashley Schultz,lgreen@example.com,1980-01-20,0
165,Kimberly Harris,moniqueolson@example.com,1941-08-29,0
166,Justin Mullins,danielbush@example.com,1921-01-20,1
167,Kevin Kim,deniseblanchard@example.org,1907-04-14,1
168,Tony Nguyen,jennifer16@example.net,1967-05-19,1
169,Valerie Ross,geraldpowell@example.com,1934-09-13,0
170,Kyle Herring,coopermelinda@example.org,1927-12-14,1
171,Gabriel Hanson,lori19@example.org,1961-04-12,1
172,Tina Miller,youngthomas@example.com,2015-10-26,0
173,Nicholas Smith,christopherspencer@example.net,1957-07-10,1
174,Hunter Orozco,sandra02@example.org,1954-08-23,1
175,Jean Frank,elizabeth22@example.org,1916-01-09,0
176,Christina Smith,benjaminmurray@example.org,1907-03-22,0
177,Melissa Skinner,hughescynthia@example.net,1907-08-13,0
178,Nathaniel Coleman,hlong@example.net,1976-11-18,1
179,Michael Rodriguez,cbaxter@example.org,1967-11-16,1
180,Philip Marshall,jillwilson@example.com,1999-03-02,1
181,Eric Kelley,jkemp@example.org,1985-04-30,1
182,Daniel Boyer,jacoberickson@example.net,1992-11-27,1
183,Marissa Bennett,mirandaangelica@example.com,1962-02-22,0
184,Samuel Roach,john99@example.net,1907-07-25,1
185,Melanie Gonzalez,jacquelinekim@example.com,1998-02-05,0
186,Laurie Brown,bevans@example.net,1913-08-16,0
187,Joshua White,michaelgray@example.com,1959-05-17,1
188,Lance Melton,mark06@example.net,2009-10-03,1
189,Ms. Nicole Jackson,hholland@example.org,1918-09-24,0
190,Joan Stewart,zroach@example.com,2007-11-03,0
191,Steven Mckenzie,shawrichard@example.com,2018-07-25,1
192,Lisa Hicks,ystevens@example.org,1998-01-21,0
193,Melissa Miller,solomonrebecca@example.net,1937-04-22,0
194,Charles Moody,catherinerussell@example.net,1947-09-26,1
195,Denise Simpson,andrea84@example.org,1975-08-05,0
196,Tyrone Lara,carolinemcgrath@example.org,1940-06-19,1
197,Frank Jimenez,williamsrichard@example.org,1957-07-17,1
198,Ryan Cordova,jennifer93@example.com,1982-10-16,1
199,Tara Rivera,fgreen@example.org,1969-09-14,0
200,Jennifer Hickman,veronicanolan@example.com,2011-04-24,0
201,Yvette Richards,megan67@example.net,1908-11-21,0
202,Gregory Delgado,westralph@example.com,1934-09-10,1
203,Paul Morris,walter88@example.org,1994-07-17,1
204,Robert West,mario97@example.org,1922-10-18,1
205,Laura Ramirez,johnsonhoward@example.com,1907-03-08,0
206,Amanda Sims,thomasjeffrey@example.org,1956-08-19,0
207,Mr. Jonathan Hensley,scotttucker@example.com,2014-01-31,1
208,James Brown,matthew16@example.com,2021-10-31,1
209,Mrs. Virginia Meadows,davidking@example.com,1922-12-19,0
210,Eduardo Silva,lmercer@example.com,1985-10-12,1
211,Stephen Le,phillip45@example.com,1931-05-10,1
212,Allen Vaughn,fernandezscott@example.com,1988-09-11,1
213,Rachel Smith,josephshaffer@example.org,1916-08-15,0
214,Scott Vaughan,carla77@example.com,2002-12-11,1
215,James Hernandez,kbrown@example.org,1967-04-29,1
216,Lauren Cox,tgreen@example.com,1984-10-18,0
217,Karen Mcintyre,mary19@example.net,1963-11-06,0
218,Alyssa Rodriguez,colleen17@example.com,1982-10-03,0
219,James Fox,tclay@example.net,1986-02-19,1
220,David Newman,michael75@example.com,1921-04-14,1
221,James Murray,jamescarla@example.com,1975-12-07,1
222,Jose Graves,whorn@example.net,1943-02-03,1
223,Tiffany Contreras,ibest@example.org,1917-11-16,0
224,Christina Stuart,jessicareyes@example.net,2000-10-24,0
225,Christopher Ray,emma27@example.org,2003-04-16,1
226,Ebony Young,sallyhoffman@example.net,1916-05-08,0
227,John Miller,jessicamccarthy@example.net,1990-02-18,1
228,Erica Gonzalez,hyoung@example.com,1999-03-04,0
229,Manuel Carr,oallen@example.com,1940-10-14,1
230,Andrew Baxter,david03@example.com,1962-08-21,1
231,Joshua West,lindastanley@example.com,1999-09-03,1
232,Theodore Hahn,glenn93@example.org,1943-10-23,1
233,Dawn Ware,brettwright@example.net,1978-10-12,0
234,Wendy Munoz,ymitchell@example.org,1961-03-09,0
235,Sarah Nguyen,jared36@example.org,1918-07-29,0
236,Sandy Mitchell,qwood@example.com,2007-05-29,0
237,Dawn Thompson,patriciatorres@example.org,1956-04-19,0
238,Crystal Mendez,william11@example.net,1960-05-23,0
239,Robert Johnson,zvillegas@example.net,1986-06-10,1
240,Sonya Jones,victor05@example.net,1923-05-04,0
241,Cynthia Edwards,lopezjohn@example.net,1976-10-04,0
242,Justin Vasquez,harrisbrian@example.com,1990-06-26,1
243,David Cohen,andrewcasey@example.net,1968-10-31,1
244,Austin Castillo,vgarcia@example.org,1992-08-03,1
245,Jeremiah Davis,gjames@example.com,1997-09-29,1
246,Victoria Ferguson,petersalexis@example.com,1922-04-08,0
247,Michael Delacruz,vyoung@example.net,2004-08-06,1
248,Sarah Santiago,jacobjones@example.com,1971-01-28,0
249,Sandra Gonzalez,efoster@example.org,1952-05-06,0
250,Michael Hill,xvincent@example.net,1932-06-21,1
251,Brian Davenport,christopher25@example.net,1997-12-23,1
252,Aaron Nichols,patriciapatel@example.com,2003-05-23,1
253,Angela Dunn,jillfitzgerald@example.com,1960-09-06,0
254,Anthony Graham,grant17@example.com,1931-06-28,1
255,Bryan Orozco,janice39@example.net,1917-01-08,1
256,Danielle Thompson,robertlucas@example.com,1918-07-30,0
257,Joshua Medina,christopher83@example.com,2003-10-12,1
258,Lisa Ferguson,omiller@example.org,1984-07-18,0
259,Kristen Hill,christopherwillis@example.net,1971-03-29,0
260,Danielle Patterson,paul92@example.net,1946-09-30,0
261,Joshua Jones,chambersjack@example.net,1931-04-05,1
262,Christopher Bowers,clarkkristen@example.com,1934-08-19,1
263,Cynthia Alvarado,dustingarcia@example.net,1927-12-11,0
264,Eric Davis,kimberlybradley@example.net,2003-05-10,1
265,Jessica Clark,mark06@example.net,1986-12-05,0
266,Casey Browning,adamstimothy@example.org,1980-04-05,1
267,David Santiago,hannah44@example.org,1914-09-09,1
268,Heather James,andre83@example.org,2019-07-18,0
269,Benjamin Hampton,xgardner@example.net,1937-03-08,1
270,Samantha Love,parrishrobert@example.org,1910-06-29,0
271,Kristen Flores,dyang@example.org,2018-06-02,0
272,Jennifer Mack,kennethlang@example.net,1994-05-06,0
273,Teresa Massey,julie77@example.net,1911-06-01,0
274,Dr. John Cervantes II,porteraaron@example.com,1935-11-22,1
275,Christine Weber,hernandezrodney@example.net,2001-09-16,0
276,Cristina Martinez,guerrerojean@example.net,1968-04-10,0
277,Karen White,richardstracy@example.net,1931-09-10,0
278,Lauren Doyle,katelyn51@example.com,1920-09-09,0
279,Patricia Chavez,martinlauren@example.org,2002-06-08,0
280,Michael Benson,stanley37@example.org,1939-06-14,1
281,Sandra Ramirez,david60@example.net,1960-12-07,0
282,Mitchell Rowland,hornebradley@example.net,1909-09-06,1
283,William Morrow PhD,cynthia36@example.net,1941-09-12,1
284,Patricia Garcia,edwin57@example.org,1964-01-29,0
285,Shelia Sparks,twarren@example.com,2005-09-20,0
286,Nancy Pierce,anthonyregina@example.net,2006-08-01,0
287,Timothy Nelson,georgecoleman@example.org,1972-09-03,1
288,Dr. Nicole Adams,travisbaxter@example.com,2000-08-29,0
289,John Parks,omurphy@example.org,1987-06-17,1
290,Paul Nunez,brian64@example.net,1913-06-25,1
291,Tamara Davis,ronald02@example.net,1969-06-16,0
292,Maria Reed,hpadilla@example.com,2010-07-20,0
293,Jonathan Anderson,debbie80@example.net,1933-07-05,1
294,Kara Bolton,tina40@example.net,1908-11-19,0
295,Crystal Roberson,clarkdillon@example.org,1934-04-01,0
296,Michael Smith,ilopez@example.net,1997-10-09,1
297,Carol Miller,dianahernandez@example.com,1987-01-11,0
298,Glen Barnes,kvillanueva@example.org,1972-07-21,1
299,Tammy Nelson,udavis@example.com,1944-12-09,0
300,Timothy Pierce,jthompson@example.net,1940-04-11,1
301,Linda Salazar,pmiller@example.org,1952-11-30,0
302,David Hodge,colekaren@example.org,1920-11-27,1
303,Alyssa Raymond,campbelllynn@example.org,1950-10-19,0
304,Luis Anderson,richardcoleman@example.org,1965-12-08,1
305,Johnathan Smith,meaton@example.org,1979-12-14,1
306,Mr. Eric Robinson,bakerdenise@example.net,1910-05-10,1
307,Crystal Odom,gregory36@example.com,2006-03-18,0
308,Jennifer Martinez,jeffrey63@example.org,1975-09-11,0
309,Christopher Thompson,qmiller@example.net,1930-06-17,1
310,Terri Larsen,edwardjohnson@example.com,1998-12-15,0
311,Heather Gomez,jonathanadams@example.net,1989-11-07,0
312,Jody Mcbride,iphillips@example.com,1906-12-20,0
313,Janet Watkins,janice29@example.org,1945-03-01,0
314,Monica Cox,masonpaul@example.net,1923-12-26,0
315,Jeanette Schwartz,kflores@example.net,1912-08-02,0
316,Hannah Jacobs,cindyrosario@example.org,1990-07-09,0
317,Frederick Rowe,jamesjames@example.com,1942-02-17,1
318,Tyler Maldonado,bowmansonya@example.org,1948-05-14,1
319,Christopher Barber,gabrielarcher@example.com,1991-03-31,1
320,Benjamin Jenkins,sbishop@example.com,1971-06-08,1
321,Janet Herrera,mmitchell@example.net,1942-05-16,0
322,Barbara Juarez,marcus94@example.org,1964-06-18,0
323,Jennifer Singh,xdavis@example.org,1953-05-15,0
324,Victor Young,pdunn@example.org,2017-12-25,1
325,William Murray,uwright@example.net,1939-08-02,1
326,Christopher Palmer,floresdavid@example.org,1926-11-20,1
327,Mallory Briggs,deannarios@example.com,1908-01-03,0
328,Stephen Hatfield,lnelson@example.org,1983-07-20,1
329,Leslie Cox,bsmith@example.net,1964-03-24,0
330,Mary Ritter,regina57@example.net,1947-06-13,0
331,Justin Brown,dvazquez@example.net,1987-11-18,1
332,Jonathon Juarez,wsimpson@example.org,1912-07-02,1
333,Robert Fuller,aliciajones@example.com,1926-04-30,1
334,Lauren Adams,wmathis@example.com,1981-01-27,0
335,Aaron Nguyen,donald18@example.net,1929-12-11,1
336,Luis Neal,christophermiller@example.net,1916-09-24,1
337,Steven Hopkins,fowlerbrian@example.org,1989-03-11,1
338,Jill Blackburn,wlopez@example.com,1917-12-15,0
339,Fred Morrison,rachel79@example.net,1962-02-04,1
340,Rodney Shelton,william45@example.com,1955-09-14,1
341,Morgan Baldwin,efernandez@example.com,1981-04-01,0
342,Leah Mendez,tinawilliams@example.net,1917-12-26,0
343,Daniel Perez,iodonnell@example.org,2003-09-16,1
344,Daniel Barr,branchderrick@example.org,1929-03-12,1
345,Nicole Macias,morganclark@example.com,2007-12-14,0
346,Timothy Friedman,ddalton@example.net,1923-12-29,1
347,Philip Gutierrez,vickibell@example.com,2013-04-02,1
348,Lauren Williams,brownkatherine@example.net,2019-04-03,0
349,Carol Hooper,melinda99@example.net,1970-11-06,0
350,Katrina Mcneil,connieneal@example.net,1916-11-05,0
351,Sarah Holland,jcantrell@example.com,1972-10-31,0
352,Dominique King,mary77@example.org,1958-05-02,0
353,Kimberly Dominguez,stephanie73@example.org,1993-05-15,0
354,Kimberly Edwards,leah93@example.org,1993-09-19,0
355,Ashley Hill,njohnson@example.org,1935-01-10,0
356,Jeffrey Valencia,jacobgonzalez@example.net,1998-10-20,1
357,Nicole Williams,dgraham@example.com,1929-10-31,0
358,Wendy Franklin,mario08@example.com,1961-10-25,0
359,Heidi Flores,smoore@example.net,1971-07-12,0
360,Matthew Oliver,joseph38@example.com,1994-03-21,1
361,Ronald Brown,sarahrichards@example.net,1984-01-13,1
362,Mr. Sean Jacobs MD,elizabeth85@example.org,1953-11-19,1
363,Carrie Alvarez,kenneth64@example.org,2020-07-13,0
364,Hector Carr,rkim@example.net,1955-08-15,1
365,Lauren Jones,michaeljoseph@example.net,1934-05-16,0
366,Amber Smith,cabreralarry@example.org,1986-03-22,0
367,Christina Lester,gordonashley@example.net,1926-06-25,0
368,Courtney Walker,esteele@example.net,1963-07-28,0
369,Bobby Anderson,bryanjohnston@example.net,1967-01-21,1
370,Ana Long,jeffrey44@example.com,1944-11-17,0
371,Christina Blanchard,farmercory@example.net,1941-08-22,0
372,Denise Gilbert,jacksonmichael@example.com,1964-11-20,0
373,Sean Delgado,williamnelson@example.net,1981-11-30,1
374,Kathleen Pennington,rebecca18@example.com,1958-12-27,0
375,Brian Bridges,david18@example.net,1949-06-28,1
376,Gregory Blake,derek11@example.com,1932-10-03,1
377,Daniel Green,hshaw@example.net,1932-08-08,1
378,John Vega Jr.,jenniferwood@example.net,1939-10-30,1
379,Maurice Scott,epierce@example.net,1912-02-17,1
380,Sarah Wyatt,iwatson@example.com,1981-03-25,0
381,Jasmin Jefferson,michael89@example.com,1991-07-13,0
382,Kent Molina,melissa27@example.com,2017-08-15,1
383,Sarah Bryant,greenrobert@example.com,1997-08-25,0
384,Shannon Powers,melody83@example.org,1923-06-24,1
385,Michelle Marshall,gallowaytara@example.net,1962-10-12,0
386,Bianca Wilson,garciabobby@example.net,2007-04-14,0
387,Shane Jackson,susanporter@example.org,1957-04-14,1
388,Cynthia Pena,ryanmaria@example.net,1918-08-11,0
389,Hunter Simpson,chines@example.net,1922-12-18,1
390,Kelly Swanson,kimdavid@example.com,1907-12-20,0
391,Lisa Mosley,sergiohorne@example.org,1983-08-27,0
392,Shirley Walker,youngalexandra@example.org,1951-03-29,0
393,Monique Payne,todd84@example.net,1916-08-29,0
394,Tyler Day,sarashelton@example.org,2019-11-17,1
395,Mary Tanner,clintonrojas@example.net,1944-01-24,0
396,Carrie Spencer,thompsonmikayla@example.org,2014-09-23,0
397,Michael Daniels,vmartin@example.org,1919-12-03,1
398,Evelyn Jackson,staffordadam@example.com,1949-11-09,0
399,Frances Thompson,beth49@example.com,1998-05-31,0
400,Jeremy Greene,diana72@example.net,1922-07-09,1
401,Eric Holmes,aodom@example.com,1987-04-09,1
402,Todd Hicks,christine07@example.com,1994-07-06,1
403,Victor White,stephensnicole@example.net,1991-06-17,1
404,Megan Reid,eanderson@example.net,1919-12-27,0
405,Linda Thomas,jennifernavarro@example.net,1928-07-27,0
406,Andrew Martin,thomasclark@example.com,2021-12-28,1
407,Joseph Rojas,wrightashley@example.org,1984-11-17,1
408,Ronnie Lawson,juliaanderson@example.com,1971-03-30,1
409,Jonathan Morales,jaclyn75@example.com,1961-04-12,1
410,Natalie Adams,sullivankelly@example.org,1982-06-28,0
411,David Harmon,daughertyalice@example.net,1970-09-02,1
412,Richard Heath,erichawkins@example.com,1928-06-20,1
413,Lori Watts,berrysharon@example.net,1985-10-17,0
414,Matthew Olson,dsimmons@example.net,1944-03-28,1
415,Joshua Smith,alvarezchristine@example.com,1975-04-08,1
416,Samantha Perez,diazlauren@example.com,1976-08-26,0
417,Ashley Hubbard,awilliams@example.org,1965-10-13,0
418,Jessica Woods,dbates@example.org,1973-05-02,0
419,Lisa Jackson,jwilson@example.com,1979-12-10,0
420,Katherine Fisher,april69@example.com,1984-02-17,0
421,Debbie Cole,martinezvincent@example.com,2010-04-12,0
422,Charlene Taylor,courtney59@example.org,1979-11-13,0
423,Monique Kim,dgarrett@example.com,2005-12-25,0
424,Joseph Spencer,gordondavid@example.com,1965-09-01,1
425,James Wallace,ramirezmary@example.com,1959-03-16,1
426,Christine Decker,lcastro@example.com,1948-05-31,0
427,Lindsay French,hilllindsey@example.org,1972-04-07,0
428,Amanda Buchanan,bcarney@example.com,1920-11-06,0
429,Jose Tucker,rachel54@example.org,1968-04-29,1
430,Stephanie Lucas,joshuacarr@example.org,1957-02-18,0
431,Ian Hernandez,rbryant@example.com,1990-08-03,1
432,Dale Castillo,jeremy19@example.org,2011-04-27,1
433,Scott Russell,kevingibson@example.com,1978-11-17,1
434,Anthony Terrell,ericastevenson@example.net,1940-07-04,1
435,Diana Robertson,mwalton@example.net,2018-10-30,0
436,Stephen Martin,bsharp@example.org,1992-01-15,1
437,Robert Heath,awalker@example.org,1944-04-17,1
438,Dakota Sandoval,bryanmullins@example.net,1912-11-20,1
439,Mary Hunt,tamara34@example.net,1981-11-11,0
440,Heather Ingram,ygreene@example.net,1969-05-31,0
441,Daniel Hernandez,mphillips@example.net,1965-03-16,1
442,Ellen Gillespie,julie39@example.org,2001-11-26,0
443,Kelly Lewis,xallison@example.com,2012-05-09,0
444,Julie Hutchinson,nguyenbrett@example.org,1967-02-16,0
445,Hannah Davis,rogersbrianna@example.com,1979-06-18,0
446,Alicia Chang,andrewstone@example.net,1968-10-12,0
447,Heather Torres,sanderslauren@example.com,2005-05-24,0
448,Melanie Hale,macdonaldmichelle@example.net,1922-10-14,0
449,Audrey Solis,csimpson@example.com,1957-09-19,0
450,Dr. Daniel Oconnor,davidrobinson@example.org,1906-09-15,1
451,Andrew Beck,brooksjohn@example.net,1964-01-20,1
452,Jordan Freeman,walkerhannah@example.net,1932-10-26,0
453,Jonathan Aguirre,oliviarose@example.org,1973-02-17,1
454,Timothy Payne,itran@example.org,2004-09-10,1
455,Mike Zuniga,ahughes@example.net,1937-06-28,1
456,Mrs. Kathryn Reid DVM,colesteven@example.org,2008-01-20,0
457,Bradley Patrick,crossdebra@example.net,2001-01-09,1
458,Grant Hayes,ishea@example.com,1946-09-05,1
459,Colleen Matthews,wgonzales@example.org,1910-11-22,0
460,James Smith,dneal@example.net,1947-12-26,1
461,Brian Monroe,davidward@example.org,1999-05-13,1
462,Richard Garcia,fordaaron@example.net,1926-02-14,1
463,Alisha Lamb,qknight@example.com,1941-08-22,0
464,Clinton Anderson,danielallen@example.net,1949-04-13,1
465,Chad Thompson,xturner@example.org,1946-04-01,1
466,Mark Dennis,joshuawalters@example.net,1993-09-16,1
467,Laura White,obyrd@example.com,2021-01-24,0
468,John Flynn,chardin@example.org,1921-12-22,1
469,Charles Hurst,zscott@example.org,1953-02-14,1
470,Steven Bowen,twilliams@example.net,1945-03-04,1
471,Connor Johnson,bruce13@example.com,2000-11-12,1
472,Debra Lewis,wallen@example.com,1933-07-20,0
473,Michael Irwin,phillipsaunders@example.net,1965-07-19,1
474,Bobby Clark,millerbrittany@example.com,2013-11-15,1
475,Tamara Riley,whitney99@example.org,1915-10-31,0
476,Michael Martinez MD,william09@example.org,1931-12-25,1
477,Bruce Cantu,tiffanycooper@example.com,2003-04-30,1
478,Jennifer Murphy,ashley16@example.net,2020-04-08,0
479,Meredith Williamson,jessicahall@example.com,1990-11-15,0
480,Jean Walsh,dterry@example.com,1923-08-12,0
481,Monica Watson,heather23@example.com,1938-04-27,0
482,Patrick Powers,mgarcia@example.net,1944-11-05,1
483,Miss Felicia Hayes,watkinscarl@example.com,1931-07-12,0
484,Monica Jones,gdavis@example.net,1939-03-30,0
485,Jeffrey Bishop,sarawatkins@example.com,1936-12-14,1
486,Jordan Lawrence,xanderson@example.org,1911-10-27,0
487,Roger Ramirez,karen15@example.net,1940-11-16,1
488,Robert Martinez,salazarkathleen@example.com,1935-07-08,1
489,Richard Hill,gutierreznicholas@example.com,1990-10-17,1
490,Anthony Brown,kimchen@example.net,1986-01-20,1
491,Alexis Peterson,ralphstewart@example.com,2012-12-28,0
492,Amanda Rodriguez,leesusan@example.com,1919-07-22,0
493,Jeremy Nguyen,elizabeth96@example.com,2000-09-01,1
494,Kathy Benson,garciaethan@example.com,2005-07-07,0
495,Andrea Perry,jorgenewman@example.org,1978-10-12,0
496,Diane Potter,shawgary@example.com,1981-06-25,0
497,Natalie Contreras,kimberly89@example.com,1977-05-27,0
498,Hannah Gilmore,alejandrahenderson@example.org,1930-11-08,0
499,Jeffrey Barnes,xsellers@example.net,2002-12-08,1
500,Dr. Andrea Lawson,brooksjanet@example.net,1982-09-14,0
501,Katherine Ramirez,heather31@example.com,1983-03-31,0
502,Edward Clark,ztownsend@example.org,1988-09-27,1
503,Darlene Combs,petersonvictoria@example.net,1961-08-22,0
504,Wanda Sullivan,parrishlarry@example.org,2022-02-18,0
505,Anthony Jenkins,jason29@example.org,1985-03-20,1
506,April Potts,raymonddavis@example.net,1947-03-21,0
507,Tanya Martinez,tuckerdavid@example.com,1995-11-01,0
508,Jillian Franklin,fosterbrenda@example.com,1951-09-10,0
509,Alexandra Thompson,david27@example.com,2003-04-09,0
510,Sandra Branch,hayeskimberly@example.org,2014-12-31,0
511,Mark Sellers,harrisondenise@example.org,1962-06-08,1
512,Cindy Gonzalez,jonathanmoreno@example.com,1995-08-25,0
513,Chad Garcia,jillstrickland@example.net,2001-05-11,1
514,Sheila Flynn,sharon11@example.net,1948-07-01,0
515,Zachary Wilson,pgay@example.net,1974-02-22,1
516,Andrew Lee,mwillis@example.net,1981-06-25,1
517,Eric Thompson,scastillo@example.org,1938-11-09,1
518,Ronald Lee,alexandermeadows@example.com,1989-11-13,1
519,Stephen Camacho,tracy76@example.com,1969-04-07,1
520,Robert Terry,claudiaevans@example.org,1923-09-20,1
521,Jared White,jennifercook@example.net,1912-04-20,1
522,Tracy Smith,rgallagher@example.net,1932-12-12,0
523,Isaac Hill DDS,charles38@example.net,2004-06-04,1
524,Mary Owens,tarastewart@example.net,1932-12-02,0
525,Erin Castaneda,dariusestrada@example.net,1935-06-02,0
526,Curtis Dixon,neilandrews@example.org,2006-03-21,1
527,Paul Cole,mirandajoyce@example.com,1921-11-28,1
528,Anita Roberts,kennedypaige@example.org,1917-01-08,0
529,Lauren Huff,matthew94@example.org,1955-12-07,0
530,Amy Smith,toliver@example.org,1946-01-24,0
531,Wesley Kelly,schwartzjulia@example.org,1995-08-23,1
532,Emily Briggs,brendayoung@example.com,1995-05-07,0
533,Elizabeth Bentley,mguerrero@example.org,1974-04-26,0
534,Adam Collins,chensean@example.com,1981-11-10,1
535,Brooke Brown,carrolljodi@example.org,1993-05-11,0
536,Mrs. Melissa Coleman DDS,arnoldryan@example.org,2018-07-24,0
537,Derek Porter,nicolejackson@example.net,1949-05-08,1
538,Nicole Armstrong,upalmer@example.org,1956-06-20,0
539,Thomas Sanchez,shawn51@example.net,1971-09-08,1
540,Jared Martinez,kallen@example.com,1999-05-22,1
541,Rebecca Powell,timothymiller@example.net,1921-06-14,0
542,Stephanie Oliver,chandlerlinda@example.net,2004-01-20,0
543,James Thomas,harrisjennifer@example.net,1930-12-01,1
544,Maria Hamilton,blackkaitlyn@example.org,2005-09-14,0
545,April Hart,reyeschristopher@example.com,2017-03-24,0
546,Dennis Arnold,julian59@example.com,1987-07-31,1
547,Danielle Hawkins,kimberlyrodriguez@example.com,1981-03-11,0
548,Nathan Johnson,brent09@example.org,1961-05-01,1
549,Rachel Fletcher,dramos@example.net,2021-08-17,0
550,Sara Johnson,hendersonpatricia@example.com,2004-04-04,0
551,Angela Lowery,munozgregory@example.net,1999-04-24,0
552,Christopher Gould,dcarter@example.com,1963-06-18,1
553,Tonya Rose,valerie46@example.com,1952-01-03,0
554,Jeffrey Wells,uterrell@example.org,1993-01-31,1
555,Kenneth Mora,huertajessica@example.net,2002-12-30,1
556,Morgan Thomas,erin80@example.org,1913-09-13,0
557,Christy Smith,valerie73@example.com,1912-11-02,0
558,Douglas Welch,mbailey@example.net,1947-01-06,1
559,Andrea Lang,randybrown@example.com,1966-06-01,0
560,Derek Hebert,allisonwilkinson@example.net,1939-05-02,1
561,Dawn Jones,palmerkimberly@example.net,1987-02-24,0
562,Jonathan Mitchell,rickeydavis@example.net,1909-11-26,1
563,Noah Rush,heather11@example.org,1927-08-28,1
564,Toni Pham,mccoyalicia@example.org,1915-01-02,0
565,Eric Kennedy,qkim@example.org,1935-01-14,1
566,Teresa Bartlett,andrew58@example.org,1967-07-22,0
567,Donna Estrada,josephyoung@example.net,1944-08-22,0
568,Michael Thompson,cwalker@example.com,1930-10-31,1
569,Jeffrey Garcia,kthomas@example.org,1950-03-21,1
570,Mrs. Deborah Cabrera MD,bellsamuel@example.com,1942-03-22,0
571,Jacob Swanson,robert67@example.org,2012-02-26,1
572,Jason Cervantes,robert15@example.org,1961-06-01,1
573,Diana Vaughn,mendezhelen@example.org,1934-12-13,0
574,Thomas Becker,qjones@example.net,1946-11-07,1
575,Jack Owen,downsmarissa@example.net,1962-03-04,1
576,Lisa Jackson,ihanson@example.net,1913-08-29,0
577,Thomas Campos,emily61@example.net,1913-06-06,1
578,Craig Weaver,orrbilly@example.org,1962-02-02,1
579,Jenna Hayes,amorgan@example.org,1971-06-23,0
580,Anna Marshall,jennarogers@example.org,1953-05-10,0
581,Elizabeth Griffith,elizabethgonzalez@example.net,1930-07-29,0
582,Christopher Cox,davidwalker@example.org,1999-03-16,1
583,Alisha Harris,urichardson@example.net,1981-04-07,0
584,Levi Willis,christina97@example.net,1934-05-24,1
585,Frederick Lambert,alexsmith@example.com,2011-10-12,1
586,James Gibbs,allisonking@example.org,1977-03-23,1
587,Marie Lynn,dnunez@example.com,1915-04-14,0
588,Danielle Morales,ufoster@example.com,1957-11-10,0
589,Ryan Hall,david49@example.org,1989-11-29,1
590,Kenneth Henderson,lalexander@example.org,1994-09-24,1
591,Gerald Knight,danielsgrant@example.net,1953-11-28,1
592,Mr. Paul Butler PhD,mbartlett@example.net,1913-11-29,1
593,Carlos Perry,gerald11@example.org,1930-12-21,1
594,Matthew Padilla,meghanhernandez@example.net,1909-05-20,1
595,Mark Escobar,ecarroll@example.org,1931-04-27,1
596,Penny Lane,jessicaevans@example.org,1979-04-23,0
597,Karen Parks,jessicasantos@example.com,1948-10-26,0
598,Mary Martinez,dianeburch@example.net,1951-06-08,0
599,David Williams,hwells@example.com,1911-11-26,1
600,Julia Howard,aaron69@example.org,1915-04-07,0
601,Brandon Collins,lewiscathy@example.net,1934-08-03,1
602,Michelle Hale,sandy36@example.org,1989-09-23,0
603,Gary Greene,kaylasmith@example.net,2020-01-08,1
604,Daniel Shields,donaldrichardson@example.net,1971-01-19,1
605,Sarah Mendoza,hurstgabriel@example.com,1917-08-04,0
606,Derek Mitchell,carterkevin@example.org,1939-09-14,1
607,Kyle Woodward,dale56@example.org,1908-08-31,1
608,Andre Brown,michaelwebster@example.org,1951-11-14,1
609,Sarah Ramos,peter04@example.com,1920-09-22,0
610,Elizabeth Harris,stevenwarren@example.net,1924-04-06,0
611,Regina Williams,heather96@example.org,1921-09-02,0
612,Anita Phillips,randy18@example.net,2017-02-10,0
613,Cassandra Mills,wendy02@example.org,1934-08-25,0
614,Maria Holder,ernesthicks@example.com,1967-07-03,0
615,Peter Willis MD,heather86@example.org,1912-12-08,1
616,Timothy Moore,kimberly50@example.net,1998-09-27,1
617,James Warner,cpeterson@example.org,1998-07-12,1
618,Jade Mason,alan35@example.org,1959-02-28,0
619,William Anderson,shawjessica@example.org,1971-11-09,1
620,William Rose,grosslogan@example.org,1966-11-15,1
621,Peter Smith,yshah@example.com,1998-10-18,1
622,Meghan Bruce,vazquezjulia@example.org,1971-06-28,0
623,John Cummings,austinkelly@example.org,2009-07-04,1
624,Bradley Jackson,jasonramirez@example.com,2010-04-19,1
625,Kara Oneill,zfrey@example.org,1979-01-01,0
626,Kirsten Allen,caseydillon@example.com,1921-11-24,0
627,Megan Robinson,miguelwilliams@example.org,1963-09-11,0
628,Tanya Schmidt,rachel15@example.org,2020-01-04,0
629,Michael Haynes,dking@example.com,1978-11-09,1
630,Emily Mcdaniel,gregorytaylor@example.org,1914-01-08,0
631,Michael Cooke,joshua50@example.org,1962-06-22,1
632,Robert Ramsey,jesse87@example.com,1977-12-18,1
633,Vickie Mccormick,veronicakemp@example.org,1998-01-25,0
634,Michael Lewis,garrettgordon@example.org,1978-08-09,1
635,Jordan Cooley,schultzdarlene@example.com,1961-12-11,1
636,Joseph Soto,calvin51@example.net,2005-02-05,1
637,Matthew Sparks,ambersmith@example.net,1979-03-30,1
638,Robert Sparks,william43@example.net,1908-01-22,1
639,Heather Collins,hillandrew@example.org,1914-05-17,0
640,Michael Higgins,ffernandez@example.org,1963-05-01,1
641,Sean Hunt,turnerjulia@example.org,1972-07-24,1
642,Samantha Wolfe,wrightalexis@example.org,1938-01-12,0
643,Mr. Joshua Lowe,patrickbrown@example.com,1912-07-29,1
644,John Webb,cjones@example.net,1972-04-27,1
645,Carl Contreras,tracygriffin@example.net,1914-05-19,1
646,Kari Gordon,gentrymichael@example.com,1912-04-03,0
647,Marie Huang,hulljason@example.net,1981-03-14,0
648,Henry Scott,gardnermary@example.com,2001-02-07,1
649,Derek Alvarez,brent70@example.org,1967-04-25,1
650,Christian Sampson,kelly67@example.org,2012-01-18,1
651,Amanda Mccall,brownsarah@example.net,1927-03-16,0
652,Christopher Kline,jessegates@example.com,1933-02-08,1
653,Tiffany Lozano,cfields@example.org,1965-11-10,0
654,Timothy Jones,steve27@example.net,1994-01-05,1
655,Todd Buchanan,alexamiller@example.net,2004-10-01,1
656,Anna Mcdaniel,davislinda@example.net,1961-08-07,0
657,Dale Smith,andrea92@example.net,1937-09-17,1
658,Randall Huang,ajordan@example.org,2016-07-24,1
659,Lori Schneider,teresacohen@example.net,2003-12-31,0
660,Jennifer Adams,kelsey60@example.org,1981-05-10,0
661,Matthew Shannon,christopher97@example.org,1951-03-16,1
662,Michael Patterson,richardsanchez@example.com,1946-10-10,1
663,Gregory Weiss,ralphkramer@example.com,1936-04-22,1
664,Bonnie Peterson,karinasmith@example.org,1927-03-27,0
665,Stephen Hendricks,rosedavis@example.com,1994-11-05,1
666,Tara Martin,millerzachary@example.net,1946-05-09,0
667,Michael Boyd,vreeves@example.com,1955-11-08,1
668,Aaron Jacobs MD,astevens@example.org,1946-10-06,1
669,Frank Guerra,fherman@example.net,2004-01-09,1
670,Jeremy Holden,hollandkyle@example.com,2006-07-31,1
671,Michael Bryan,howelljames@example.com,1985-10-03,1
672,Jose Butler,kelly19@example.org,1953-04-04,1
673,Michelle Nunez,todd32@example.net,1986-05-21,0
674,Mrs. Stacey Rodriguez,danieljames@example.net,1908-03-13,0
675,Jeremy Johnson,burgessashley@example.com,1988-05-08,1
676,Stephanie Wise,josedelacruz@example.net,1945-05-14,0
677,Phyllis Cooper,jenniferjordan@example.org,1912-09-26,0
678,Patricia Lee,loriarmstrong@example.org,1911-09-15,0
679,Charles Johnson,timothy16@example.net,1972-07-21,1
680,Sean Snyder,bfarley@example.com,2000-11-11,1
681,Diane Hernandez,matthew26@example.com,1985-08-09,0
682,Tyler Nguyen,eharris@example.net,2013-12-13,1
683,Lisa Roman,timothy53@example.org,1943-04-01,0
684,Deanna Boyd,elaineserrano@example.net,1964-12-29,0
685,Cheyenne Ho,wtorres@example.org,2011-03-31,0
686,Melissa Aguilar,oalvarado@example.org,1977-01-21,0
687,Michael Phillips,jamesgrace@example.org,1914-12-04,1
688,Daniel Preston,lloydalexander@example.org,1949-04-27,1
689,Stephanie Sanders,lwilson@example.net,1944-03-13,0
690,Alan Delgado,mark23@example.org,1946-12-20,1
691,Jesse Wilson,harrisonjulie@example.com,1948-09-09,1
692,Shane Lee,dchaney@example.org,1987-01-27,1
693,Cynthia Knapp,bpage@example.org,2001-03-23,0
694,Jason Chan,rhodesthomas@example.net,1946-02-06,1
695,Lisa Hodge,ralph69@example.com,1939-08-16,0
696,Donald Gray,shelby01@example.net,1930-04-24,1
697,Jasmine James,cynthiakim@example.com,1963-04-07,0
698,Joshua Hawkins,sarajordan@example.net,1997-02-27,1
699,Ashley Williams,cheryljennings@example.org,1910-03-10,0
700,Michael Franklin,darias@example.org,1944-02-27,1
701,Lori Garza,kbanks@example.net,2002-02-13,0
702,Kristine Becker,blackburnkathleen@example.org,2019-11-25,0
703,Helen Boyle,salazarjessica@example.org,1927-07-16,0
704,William Manning,qprince@example.com,2011-09-01,1
705,Colleen Fitzgerald,johnsonomar@example.com,2000-08-20,0
706,Mark Chapman,fosterroberto@example.com,1979-11-30,1
707,Kaitlyn Clark,ashleygarrett@example.net,1949-11-14,0
708,Brandi Rogers,tmassey@example.com,1915-01-24,0
709,Debbie Scott,washingtonchelsea@example.org,1947-06-18,0
710,Jordan Hogan,mallorywiggins@example.net,1929-03-01,0
711,William Richardson,theresahuynh@example.com,1946-05-01,1
712,Heather Carter,gbuck@example.com,1959-01-29,0
713,Cathy Wood,stoneraymond@example.net,2013-05-05,0
714,Elizabeth Sullivan,walkeroscar@example.net,1931-04-17,0
715,Troy Waters,ygarcia@example.org,1925-10-23,1
716,Pamela Smith,evansjoseph@example.com,2013-11-20,0
717,Brenda Walters,tanya02@example.com,1922-02-17,0
718,James Rice,donnathompson@example.org,1956-11-24,1
719,Thomas Castillo,jdiaz@example.com,1948-04-25,1
720,Brandon Duncan,scottdana@example.net,1919-07-26,1
721,Deborah Neal,christopherking@example.net,1966-01-13,0
722,Nathan Bell,reynoldsdawn@example.com,1919-06-05,1
723,Claire Ray,julie43@example.com,1943-10-14,0
724,Thomas Phillips,rrogers@example.com,1933-06-25,1
725,James Brown,ericcastro@example.net,1962-07-17,1
726,John Blevins,tcook@example.com,2000-02-21,1
727,Robert Vargas,hendersonfernando@example.org,1970-05-30,1
728,Jason Smith,porterrobert@example.org,1954-02-22,1
729,James Black,plambert@example.net,1996-08-20,1
730,Mr. Aaron Byrd,vdrake@example.org,1999-09-11,1
731,Brett Solis,sotoanthony@example.com,1986-01-10,1
732,Kimberly Armstrong,andrewschristopher@example.com,1949-10-04,0
733,Robert Cherry,johnreed@example.org,1910-08-21,1
734,William Flores,robertestrada@example.org,2008-01-25,1
735,Sherry Baker,michael23@example.com,1969-10-02,0
736,Christine Brown,triciaroberts@example.com,1928-03-22,0
737,David Wright,ddaniels@example.com,1965-06-26,1
738,Cynthia Hubbard,claytonanderson@example.net,1917-12-08,0
739,Mrs. Rebecca Donovan MD,brittany72@example.com,1929-10-22,0
740,Briana Reed,thompsonlinda@example.net,2013-05-04,0
741,Gilbert Holden,gmcmillan@example.com,1952-07-26,1
742,Joshua Lucas,craigmary@example.com,2012-01-01,1
743,Stacie Young,donaldriley@example.com,1990-12-17,0
744,Virginia Cooper,jessica19@example.org,1961-06-15,0
745,David Cannon,clarkvanessa@example.net,1920-08-09,1
746,Sara Brown,alejandrojohnson@example.net,1993-09-10,0
747,Bruce Barrett,leonardmason@example.com,1970-11-11,1
748,Benjamin Wright,lauren96@example.com,1980-05-11,1
749,Elizabeth Lewis,garretthatfield@example.org,2021-05-28,0
750,Michael Bishop,amberadams@example.com,1944-07-05,1
751,Kevin Evans,krhodes@example.net,1941-04-03,1
752,James Martin,wnicholson@example.org,1999-11-02,1
753,Dr. Edwin Powell,mhernandez@example.org,1988-11-25,1
754,Carolyn Gallegos,mary58@example.net,1914-04-08,0
755,Ashley Jones,yujames@example.com,2014-01-23,0
756,Jennifer Hall,charlesjohnson@example.org,1927-12-30,0
757,Danny Hoffman,jamiejenkins@example.net,1914-08-18,1
758,Barbara Nelson,mariaaguilar@example.org,1964-06-23,0
759,Billy White,phillipscharles@example.com,2014-02-23,1
760,Joseph Byrd,kimberlymartin@example.net,2003-02-23,1
761,Sabrina Kramer,davisjennifer@example.com,1996-10-12,0
762,Tanya Jordan,gcunningham@example.org,1990-10-17,0
763,Lawrence Fisher,brandon10@example.org,1949-10-09,1
764,Karen Shaffer,halllisa@example.net,1907-09-08,0
765,Michael Adams,ian30@example.net,1975-08-09,1
766,Clayton Lawson,jaime85@example.net,2010-03-10,1
767,Tammy Taylor,josephsmith@example.com,1998-02-03,0
768,Shane Adams,gonzalesjessica@example.com,1986-04-19,1
769,Dylan Ramirez,jodievans@example.net,2012-08-30,1
770,Carrie Spencer,boothjeffrey@example.com,1911-01-02,0
771,Zachary Grant,vanessa46@example.net,1962-03-01,1
772,Ashley Nguyen,joshuaeverett@example.org,1944-05-21,0
773,Ronald Conner,emilytaylor@example.com,1952-10-05,1
774,Marcus Wilson,justin20@example.org,1912-03-26,1
775,Jared Lewis,sandrastone@example.org,1981-01-08,1
776,Jeffrey Miller,lisagardner@example.org,2017-11-05,1
777,Carol Dougherty,rebekahreyes@example.net,1965-03-11,0
778,Samuel Rodriguez,bakerderrick@example.com,1967-12-25,1
779,Sharon Miles,christophercordova@example.org,1985-02-25,0
780,Tyler Mullins,eruiz@example.org,2008-05-17,1
781,Jessica Moore,ffrye@example.org,2016-11-03,0
782,Sarah Lopez,joshua05@example.com,1933-06-13,0
783,David Valdez,williamtaylor@example.com,1970-08-14,1
784,Jill Cowan,ryan86@example.org,1912-03-13,0
785,Megan Nicholson,chelseaoneal@example.org,1913-07-19,0
786,Samantha Whitaker,hdouglas@example.net,1948-09-08,0
787,Raymond Holmes,powellrachel@example.net,2001-08-08,1
788,Jennifer Parks,jaime28@example.com,1995-06-19,0
789,Elizabeth Herrera,elizabethwarner@example.com,1959-11-14,0
790,Melanie Scott,ohuff@example.net,2020-07-06,0
791,Kimberly Daniel,reevesdale@example.org,1939-09-16,0
792,Patricia Bruce,zachary79@example.com,1998-12-27,0
793,Jennifer Vazquez,pcantrell@example.org,1945-04-04,0
794,Timothy Wong,crystalporter@example.net,2011-11-08,1
795,Crystal Martinez,simpsonjacob@example.org,1981-05-13,0
796,Anthony Young,josephreed@example.com,1979-09-21,1
797,Jessica Stanton,wwilson@example.net,1916-02-06,0
798,Ashley Martinez,andrewevans@example.net,2010-07-06,0
799,Henry Sanders,barryethan@example.com,1918-11-07,1
800,Andrew Mann,klee@example.net,1948-09-11,1
801,Martin Smith,charrison@example.org,1915-05-19,1
802,Michael Acosta,shughes@example.org,1985-07-16,1
803,Matthew Rivera,terrancekennedy@example.org,1989-09-12,1
804,Brenda Joseph,briana92@example.org,1932-05-21,0
805,Cameron King,tnichols@example.org,1990-01-23,1
806,Heather Armstrong,pharrison@example.net,1990-01-21,0
807,Christine Burton,annaandrews@example.org,1967-08-20,0
808,Michael Henry DVM,matthew58@example.com,1991-03-18,1
809,Nathaniel Brewer,ann22@example.org,1964-12-20,1
810,Dr. Jamie Hamilton,pamela54@example.net,1981-06-11,0
811,Patrick Melendez,bperry@example.org,1965-11-25,1
812,Joseph Nelson,sharoningram@example.net,2021-11-18,1
813,James Hall,bishoppaul@example.net,1934-03-23,1
814,Angela Jones,andrew36@example.org,1931-09-05,0
815,Laura Santana MD,zanderson@example.org,1986-12-14,0
816,Luke Rice,christianvazquez@example.net,1955-06-29,1
817,David Jenkins,cooktammy@example.com,1938-05-13,1
818,Jennifer Mitchell,qdaniels@example.net,1961-04-10,0
819,Hayley Rangel,nyoung@example.org,1911-07-06,0
820,Jeff Nichols,christina33@example.com,1941-12-10,1
821,Yolanda Morales,robertmeadows@example.net,1971-08-09,0
822,Taylor Johnson,lorigreen@example.com,1914-11-03,1
823,Derek Barajas,lstevenson@example.org,1985-05-07,1
824,Jane Taylor,jill69@example.org,2002-11-24,0
825,Kenneth Spencer,ghowe@example.com,1976-11-25,1
826,Elizabeth Wilkerson,davisjessica@example.net,2012-07-31,0
827,Leslie Stewart,matthewpowell@example.net,1977-09-04,0
828,Tammy Thompson,veronica76@example.net,1988-05-06,0
829,John Lopez,lmorris@example.org,1908-06-29,1
830,Danielle Mcdonald,tonya90@example.com,1943-10-08,0
831,Katherine Khan,kevinmolina@example.org,1951-05-02,0
832,Samantha Martinez,robin54@example.com,1964-03-24,0
833,Morgan Haney,michael67@example.com,2005-06-21,0
834,Amy Wheeler,vbanks@example.net,2005-05-08,0
835,Eric Watkins,marysimpson@example.net,2021-06-14,1
836,Jeffrey Bauer,lwallace@example.net,1997-04-04,1
837,David Castro,burnsmichaela@example.net,1946-02-17,1
838,Hannah Cain,jaguilar@example.net,1926-11-07,0
839,Tommy Taylor,paul86@example.net,1960-04-05,1
840,Beth Benjamin,vmiller@example.com,1995-08-27,0
841,Dana Jones,justin22@example.org,1933-05-07,0
842,Samantha Garza,jenniferbriggs@example.com,1957-02-06,0
843,Larry Moore,christopherharper@example.org,1916-11-08,1
844,Kathryn Johnson,ccurtis@example.net,1940-09-29,0
845,Carol Ferguson,efisher@example.net,2014-07-17,0
846,Thomas Cain,amy67@example.org,2016-07-02,1
847,Gina Harris,denise09@example.net,2009-01-15,0
848,Teresa Burns,matthew10@example.net,1966-09-18,0
849,Edward Harris,amanda44@example.org,1952-12-18,1
850,Ashley Williams,callen@example.org,2011-10-05,0
851,Donald Smith,reevesbrittany@example.net,1968-03-11,1
852,Amanda Henderson,pjackson@example.com,1997-08-11,0
853,Leslie King,danielle20@example.org,1934-11-28,0
854,Donald Kelly,ronald15@example.org,1911-11-08,1
855,Susan Nguyen,keith05@example.org,2017-01-16,0
856,Martha Silva,juliewaters@example.net,1970-10-31,0
857,Jill Davidson,eryan@example.org,1987-06-19,0
858,Dennis Kemp,dcobb@example.com,1985-09-05,1
859,Steven Dunn,matthewcastillo@example.com,1971-12-17,1
860,Tammy Park,wilsonjames@example.org,1996-12-25,0
861,Dustin Garza,vharrison@example.net,1951-05-30,1
862,Natasha Johnson,griffinjohn@example.com,1959-12-10,0
863,Veronica Ross,aliciaburton@example.net,1921-03-27,0
864,Felicia Hutchinson,daniel97@example.org,1940-06-11,0
865,Stephen Stanley,kathleenstanley@example.org,2019-08-20,1
866,Becky Stevens,angelatorres@example.com,1911-07-31,0
867,Yolanda Rowe,jenniferbond@example.com,1939-12-02,0
868,Craig Davis,bwilliams@example.net,1968-12-05,1
869,Jason Warren,karilyons@example.com,1959-04-24,1
870,Cody Ward,mstanley@example.org,1957-07-28,1
871,Thomas Harrison,vshort@example.org,1956-10-26,1
872,Ashley Allen,bscott@example.com,1934-04-30,0
873,Christy Davis,jodysandoval@example.org,2005-03-23,0
874,Adrian Johnson,charlesreese@example.org,2013-05-12,1
875,Selena Lewis,qmunoz@example.com,1969-11-01,0
876,Wesley Harrison,zcolon@example.com,1975-08-27,1
877,Jennifer Sheppard,xalexander@example.net,1923-08-13,0
878,Jessica Young,nparker@example.net,1988-01-19,0
879,Kyle James,michelle98@example.com,2012-12-17,1
880,Bethany Quinn,mcmahonsandra@example.org,2003-05-25,0
881,Gary Williams,mcfarlandronnie@example.net,2009-05-28,1
882,Amanda Cordova,deborahmoreno@example.org,2011-08-30,0
883,Anthony Li,jgibson@example.org,1999-07-20,1
884,Lisa Romero,mark65@example.net,1974-04-06,0
885,Anthony Gonzales,kathrynwagner@example.net,1950-11-02,1
886,Monica Wu,julielong@example.com,1925-03-13,0
887,Andrea Rice,palmeramber@example.net,1917-11-28,0
888,Timothy Dalton,thomastownsend@example.net,1998-06-03,1
889,Darin Hudson,jeffreyharrell@example.org,1979-08-04,1
890,Amanda Wiley,johnny71@example.org,1929-06-23,0
891,Christopher Smith,harperbrenda@example.com,1965-01-12,1
892,John Holt,westkevin@example.com,1946-06-13,1
893,Cindy Kelley,moraleselizabeth@example.com,1976-11-20,0
894,Mark Bird,lewiskristen@example.net,1957-01-18,1
895,Mrs. Amy Crawford,dcox@example.com,1915-05-05,0
896,Christopher Gomez,xvaldez@example.net,1967-05-03,1
897,Mark Baker,michelle86@example.org,1957-05-25,1
898,Brian White,karina10@example.com,2021-03-18,1
899,Jordan Mann,wilsonmichael@example.com,1992-05-17,1
900,Robert Michael,rileyjody@example.net,1967-04-21,1
901,Mary Cox,tylerford@example.org,1963-11-28,0
902,Ricky Ellis,rachelsalazar@example.net,1936-08-21,1
903,Jessica Ramirez,mcdonaldralph@example.com,1983-08-24,0
904,Keith George,george56@example.org,2016-10-24,1
905,Miss Brianna Lynch DDS,mcdanieleric@example.com,1933-11-19,0
906,Aaron Silva,ellisjody@example.net,2003-09-05,1
907,Steven Wilcox,courtneyortiz@example.org,1981-12-14,1
908,Mark Lee,walkerchristopher@example.com,2001-09-17,1
909,Walter Orr,brauneric@example.com,1953-08-07,1
910,Jake Richardson,mckenzieangela@example.com,1958-04-04,1
911,Jared Warren,nlyons@example.net,1931-08-06,1
912,Tammy Cunningham,normamolina@example.org,1918-04-05,0
913,Elizabeth Cantu,abrown@example.net,1970-09-19,0
914,Nichole Copeland,michelle06@example.org,2013-02-09,0
915,Tara Cruz,gtownsend@example.com,1964-07-03,0
916,Paul Jones,tiffany99@example.net,2008-04-02,1
917,Gloria Gonzalez,jbailey@example.com,2002-11-11,0
918,Jonathan Baker,riverabrian@example.com,1950-01-18,1
919,Natasha Norris,robert99@example.net,2012-06-21,0
920,Veronica Bautista,oross@example.org,1989-03-24,0
921,Dr. Jamie Potter MD,castanedahannah@example.com,1925-08-18,0
922,Joseph Taylor,jfoley@example.net,1928-08-13,1
923,Michael Mcdonald,kmurphy@example.net,1996-07-13,1
924,Lindsey Cunningham,jessicajuarez@example.net,1915-05-03,0
925,Richard Wallace,christopher89@example.com,2006-08-30,1
926,Victoria Mcdaniel,matthew44@example.com,1985-06-11,0
927,Christopher Dickson,sandrarobinson@example.net,2008-04-20,1
928,Andrea Hale,martinezluis@example.net,2010-08-31,0
929,Gregory Williams,katherine10@example.com,1913-07-21,1
930,Diana Lane,lisadavis@example.net,1996-01-07,0
931,Heather Beasley,villakeith@example.com,1963-02-04,0
932,Crystal Wood MD,katiefrancis@example.org,1973-02-12,0
933,Joshua Perez,eric16@example.org,1990-04-19,1
934,Elizabeth Ray,lindahernandez@example.com,2009-02-18,0
935,Kayla Webb,schultzvanessa@example.net,2007-11-04,0
936,Joseph White,wilsonbrittany@example.org,1966-02-14,1
937,Dorothy Adams,steelesamantha@example.net,1983-02-26,0
938,Nancy Molina,vrichardson@example.com,2008-10-10,0
939,Matthew Jackson,amurray@example.org,1934-08-29,1
940,Michelle Patel,bethany64@example.com,1979-12-31,0
941,Stephanie Hernandez,darren23@example.com,2002-10-14,0
942,Madison Schmidt,michaelhaynes@example.org,1919-01-28,0
943,Miguel Rodriguez,okemp@example.com,1985-07-31,1
944,Carrie Martin,sparksrobert@example.net,1956-04-17,0
945,Linda White,grimesjohn@example.com,1964-02-04,0
946,Kevin Woods,kelleymatthew@example.net,1916-03-23,1
947,Victoria Mcgee,jennifer70@example.com,1981-06-04,0
948,Allison Villa,vgraham@example.org,1909-11-19,0
949,Dennis Acosta,mooremichael@example.net,2015-10-27,1
950,Alexandra Floyd,vpacheco@example.net,1969-07-29,0
951,Daniel Collins,bwillis@example.org,1928-05-04,1
952,Erin Haas,tconway@example.net,1930-05-04,0
953,Oscar Rocha,cwood@example.net,1930-10-22,1
954,Roy Castro,patriciaadams@example.org,1996-03-29,1
955,Laura Vega,daniel60@example.com,2004-05-01,0
956,Bridget Coleman,denisesmith@example.org,1992-12-01,0
957,Robin King,emilymelton@example.net,1992-06-03,0
958,Sarah Adams,tuckerkevin@example.net,2004-11-19,0
959,Bryan Doyle,brianrodriguez@example.com,2002-11-16,1
960,Michael Richardson,fclarke@example.com,1945-08-11,1
961,Peter Sanders,charles47@example.com,1968-12-15,1
962,Allison Monroe,fjohnson@example.org,1929-05-26,0
963,John Mitchell,davidreynolds@example.com,2011-09-13,1
964,Eduardo Peterson,greenconnie@example.org,2003-04-04,1
965,Julia Carroll,bhodges@example.net,1951-05-30,0
966,Michael Smith,lisa03@example.org,1975-12-16,1
967,Joel Huynh,perezlisa@example.net,1918-09-29,1
968,Jason Davis,jerry47@example.net,1948-05-24,1
969,William Miller,frederickjessica@example.net,1951-08-02,1
970,Alyssa Moses,joshua00@example.net,2012-11-01,0
971,Brandon Cooper,abigailpeters@example.net,2014-12-10,1
972,James Reyes,wwilson@example.org,1970-09-20,1
973,Debra House,theresa64@example.com,1913-05-01,0
974,Jordan Ayala PhD,holmestammy@example.net,1948-06-23,1
975,Kathleen Lambert,matthewanderson@example.net,1980-04-26,0
976,Robert Mitchell,xpatton@example.net,1947-04-22,1
977,Kimberly Davis,kimberlyvaughn@example.net,2016-01-09,0
978,Andrea Olson,jeanblack@example.com,1994-04-09,0
979,Gabrielle Perez,james63@example.org,2006-01-30,0
980,Taylor Jones,alyssalynch@example.org,1912-03-21,0
981,Carolyn Fox,paulrobinson@example.org,2002-07-14,0
982,Shelby Joyce,castanedawillie@example.org,1973-06-30,0
983,Daniel Mccarthy,wendy59@example.org,2008-11-18,1
984,Sabrina Wright,aaron33@example.com,1980-04-04,0
985,Kimberly Lewis,janicemarquez@example.com,2017-08-15,0
986,Mark Mendez,steven94@example.org,2019-09-21,1
987,Valerie Taylor,clayjohn@example.com,1907-10-03,0
988,Phillip Welch,apeterson@example.com,1937-07-04,1
989,Jonathan Wilson,russell76@example.org,1939-03-14,1
990,Jose Perez,gomeztracy@example.org,1970-08-14,1
991,Trevor Perkins,jmoreno@example.org,1987-05-05,1
992,Mark Huber,cwright@example.org,1950-03-12,1
993,David Fowler,colenicholas@example.net,1925-06-01,1
994,Annette Hatfield,noah60@example.net,2017-07-19,0
995,Kathy Peterson,griffithbryan@example.com,1939-01-07,0
996,Frank Harrington,robert12@example.com,1920-01-06,1
997,Maria Graves,ryanbrown@example.net,1979-12-28,0
998,Catherine Powers,cynthia84@example.com,1995-11-25,0
999,Jimmy Hill,dgarcia@example.com,1928-01-21,1
