0,Kendra Jones,williamsjoshua@example.com,1948-08-03,0
1,Sarah Hensley,williamyoung@example.com,2004-07-14,0
2,Michele Wolf,zmurphy@example.com,1939-01-25,0
3,Andrew Dodson,dmcdonald@example.net,1969-03-14,1
4,Elizabeth Robinson,bbenson@example.org,1986-11-22,0
5,Amanda Wolfe,cmcgee@example.org,2009-08-20,0
6,Roberto Walsh,martingregory@example.com,1990-07-03,1
7,Allison Shannon,ylevy@example.org,1938-05-17,0
8,Cassandra Hunt,bushpatrick@example.org,1981-11-14,0
9,Stephanie Williams,bonillamelanie@example.org,1952-10-06,0
10,Melody Gonzalez,pwatson@example.com,1925-02-27,0
11,Alyssa Mason,brianparks@example.com,1977-05-25,0
12,Mark Strickland,fsherman@example.com,1964-12-31,1
13,Daniel Stephenson,melanie39@example.org,1909-02-26,1
14,David Cummings,laurawalker@example.net,1959-10-20,1
15,Traci Lynn,munozellen@example.org,1981-06-02,0
16,Melissa Taylor,markmatthews@example.net,1940-06-19,0
17,Victoria Ross,pamela73@example.net,1991-06-16,0
18,Douglas Barker MD,morenocathy@example.net,1953-02-21,1
19,Jason Cruz,jesus78@example.org,1997-05-21,1
20,Daniel Allen,heatherspencer@example.com,1924-12-14,1
21,Karen Dawson,fletcherjonathan@example.net,1973-04-11,0
22,Alexandra Hamilton,jeffreymorgan@example.com,1941-05-03,0
23,Jordan Cox,jennifer90@example.org,1912-08-24,0
24,Diana Parker,sstewart@example.com,1970-12-22,0
25,Manuel Campbell,mirandajeffery@example.org,1945-07-09,1
26,Lauren Morgan,khowell@example.org,1926-03-24,0
27,Scott Brown,sara33@example.net,1973-09-14,1
28,Patrick Brown,warnersarah@example.com,1980-11-03,1
29,Kenneth Price,qrodriguez@example.net,1920-06-08,1
30,Rebecca Mueller,micheal55@example.net,1938-02-23,0
31,Jennifer Rivera,dallen@example.org,1996-02-09,0
32,Stephanie Johnson,thudson@example.com,1926-04-05,0
33,Hannah Johnson,gibbsbrianna@example.org,2002-03-27,0
34,Jessica Hooper,xmay@example.com,2007-08-22,0
35,Jay Thompson,jmorgan@example.org,2006-07-13,1
36,Nichole Green,eingram@example.org,1967-03-13,0
37,Roy Hunter,adavis@example.org,1944-04-10,1
38,Nicole Conley,cooleyrobert@example.net,1917-05-31,0
39,Anthony Adams,szuniga@example.com,1986-06-23,1
40,Haley Weeks,charlene20@example.net,2004-04-28,0
41,Meghan Peterson,humphreycarlos@example.com,1993-06-20,0
42,Jacqueline Hicks,tyleryoung@example.net,1983-12-10,0
43,Lori Young,bestpeter@example.net,1913-05-31,0
44,Daniel Martinez,pjensen@example.net,1981-02-18,1
45,Clifford Schmidt,calderonkimberly@example.net,1924-07-25,1
46,Courtney Reynolds,alexander19@example.org,2012-10-13,0
47,Martha Owen,mgeorge@example.com,2021-01-06,0
48,Beth Bell,heather89@example.net,1914-02-15,0
49,Lisa Robinson,cindymoore@example.net,1922-06-10,0
50,Ricardo Martin,gregoryanthony@example.com,1910-01-27,1
51,Samuel Anderson,james22@example.org,2020-05-01,1
52,Kendra Goodman,shelby60@example.com,1974-08-05,0
53,Michael Ford,bakerlouis@example.com,1912-01-18,1
54,Kevin Clements,douglasmark@example.com,1982-10-18,1
55,Marcus Hansen,pstrong@example.com,2017-05-26,1
56,James Zimmerman,aaronhoward@example.net,1932-06-21,1
57,Lindsey Pham,kerrandrew@example.net,1974-06-06,0
58,Tiffany Thompson,billymartin@example.com,2018-06-07,0
59,Allison Lopez,eross@example.com,1979-07-17,0
60,Kelli Riggs,julie48@example.org,2006-01-03,0
61,Carol Robinson,ybaxter@example.com,1924-09-27,0
62,Maria Robinson,nortiz@example.net,2011-01-23,0
63,Brandon Jackson,michelleli@example.net,2006-02-16,1
64,Kelli Matthews,ograves@example.org,2008-08-20,0
65,Gabrielle Payne,kmoore@example.org,1965-01-24,0
66,Kimberly Rose,parsonshelen@example.net,1921-04-22,0
67,Kenneth Diaz,jowheeler@example.com,2002-10-18,1
68,Samuel Thomas,hurstjessica@example.org,1921-06-25,1
69,Jon Owens,wwillis@example.net,1965-11-15,1
70,Linda Chavez,gail26@example.net,1970-10-13,0
71,Christopher Wright,donald60@example.com,1999-02-22,1
72,Jennifer French,patriciarichards@example.net,1979-11-24,0
73,Susan Calderon,baileyanthony@example.com,1970-06-08,0
74,Barry Fischer,igonzalez@example.net,1968-11-18,1
75,Selena Johnson,fgibbs@example.com,1932-07-06,0
76,Katrina Schneider,xjohnson@example.com,1938-05-12,0
77,Lisa Woods,greynolds@example.net,1935-10-03,0
78,Christopher Adams,rcollins@example.com,2018-09-14,1
79,Stephanie Fritz,msanford@example.com,2019-03-12,0
80,Michael Harris,williamwilliams@example.com,1991-08-09,1
81,Regina Rodriguez,troyhowell@example.org,2018-01-29,0
82,Victoria Padilla,yjohnson@example.org,1926-09-09,0
83,Ricky Oneill,zparks@example.com,1921-10-20,1
84,Joseph Gardner,pricepatrick@example.net,1959-10-23,1
85,Sarah Phillips,erinnielsen@example.com,1986-06-05,0
86,Eric Myers,jamesnathan@example.com,2001-06-29,1
87,Erica Tate,jeffrey87@example.com,1947-05-25,0
88,Lori Wilkerson,karenorozco@example.org,1971-03-29,0
89,Donald Gallagher,moraleszachary@example.org,1915-07-29,1
90,Brandy Lyons,ortizcassandra@example.org,2002-01-17,0
91,Jeffrey Edwards,jchambers@example.org,1961-12-14,1
92,Edward Williams,tomchavez@example.net,1958-07-11,1
93,Kari Elliott,melissabrown@example.com,1917-04-26,0
94,Logan Brown,tiffanycooper@example.net,2008-07-22,1
95,Denise Rogers,rachelbonilla@example.org,1908-02-21,0
96,William Long,james03@example.net,1921-10-22,1
97,Joseph Arnold,reedjeffrey@example.net,1955-04-06,1
98,Victoria Dixon,wilsonalyssa@example.com,1913-03-15,0
99,Paul Jones,zrandall@example.org,1980-12-14,1
100,Jasmine Woods,danielburch@example.com,1990-10-26,0
101,Melody Williams,jamesroach@example.net,1982-03-16,0
102,Rebecca Carter,yjohnson@example.net,1916-11-25,0
103,John Weber,briannarasmussen@example.com,1946-04-08,1
104,Michelle Olson,rosejulia@example.org,1960-09-04,0
105,Angela Roberson,ballkimberly@example.com,1996-02-03,0
106,Gabriel Hammond,hjohnson@example.net,1982-04-26,1
107,Kevin Long,chadterry@example.org,1982-05-04,1
108,Kyle Cook,ganderson@example.org,2008-07-07,1
109,Ashley Mcdonald,bretthouse@example.com,1906-09-28,0
110,Benjamin Johnson,rachel33@example.org,1986-08-05,1
111,Mrs. Debra Thornton,vperez@example.com,1981-06-07,0
112,Eric Hickman,collierwilliam@example.net,1912-06-24,1
113,Mrs. Amanda Stephens,robertdominguez@example.com,1945-12-14,0
114,Barbara Ware,vwelch@example.net,1927-04-03,0
115,Dr. Chelsea Obrien,moralestyrone@example.org,1957-03-19,0
116,Lisa Bryant,james35@example.org,1915-04-07,0
117,Curtis Estes,perezshannon@example.net,1973-08-13,1
118,Robert Clark,tyler17@example.org,1967-11-29,1
119,Julie Deleon,sextonseth@example.com,1976-02-24,0
120,Todd Ray,thomaschavez@example.com,1954-06-02,1
121,Michael Wyatt,jermaine12@example.net,1921-06-12,1
122,Alan Jones,janicetyler@example.com,1947-10-05,1
123,Nancy Santos MD,angelabennett@example.net,1955-11-02,0
124,Douglas Fritz,potteralyssa@example.net,1957-12-12,1
125,Patricia Sanchez,jeffrey78@example.org,1999-03-29,0
126,Lori Williams,monica16@example.net,1965-10-01,0
127,Stephen Estrada,juliancameron@example.com,1954-06-02,1
128,Matthew Harris,andrewrose@example.net,1953-02-22,1
129,Melissa Jones,briangross@example.net,1916-12-15,0
130,Jessica Thompson,martin44@example.com,2001-01-30,0
131,Jessica Bush,hartpaul@example.org,1996-09-13,0
132,Dr. David Walters,dphillips@example.org,1953-08-18,1
133,Kristina Cameron,sandramitchell@example.net,1983-02-07,0
134,Emily Webster,carolyn60@example.com,1953-01-07,0
135,Brandon Edwards,xbrown@example.org,1999-01-10,1
136,Christine Bond,annesolis@example.com,1923-11-25,0
137,Ian Boyd,ydaniels@example.net,2006-08-12,1
138,Sean Hall,psmith@example.org,2015-08-11,1
139,Thomas Graham,moorebill@example.com,1936-04-08,1
140,Lisa Frederick,nsummers@example.org,1986-05-08,0
141,Garrett Peck,zachary85@example.net,1951-06-17,1
142,Ryan West,xwhite@example.net,1910-03-23,1
143,Penny Murphy,vhardy@example.net,1972-11-04,0
144,Jacqueline Hines,qjohnson@example.com,2011-01-27,0
145,Whitney Lopez,wagnerjason@example.net,1961-06-16,0
146,Johnathan Gamble MD,deborahjohnson@example.net,1933-11-27,1
147,Michelle Hernandez,sbaker@example.net,1925-03-07,0
148,Rebekah Wood DVM,iwallace@example.com,2009-11-30,0
149,Dr. Benjamin Garza,williamsjames@example.com,2005-11-30,1
150,Robert Ferguson,thomasmelissa@example.org,1978-03-06,1
151,Stephanie Patel,keithfranco@example.net,2011-05-22,0
152,Melanie Long,katelyndeleon@example.com,1983-12-27,0
153,Mrs. Sarah Cole,zhunt@example.com,1939-10-12,0
154,Travis Gonzalez,nmartin@example.org,1993-09-09,1
155,Robert Ford,christinamoore@example.net,1927-07-13,1
156,Emily Santos,rodriguezdonna@example.com,1990-01-30,0
157,Timothy Hinton,nealnicole@example.com,1946-12-18,1
158,Toni Gill,jonathanbarber@example.net,1948-11-17,0
159,Matthew Graham,yclark@example.net,1962-04-26,1
160,Levi Rogers PhD,lhaynes@example.com,1972-08-03,1
161,Tonya Bush,tallen@example.net,2011-03-15,0
162,Mr. Ryan Johnson,bwagner@example.org,1972-07-20,1
163,Elizabeth Ryan,raymond33@example.net,1913-02-08,0
164,Jonathan Nelson,garretterin@example.org,2019-04-17,1
165,Shawn Jones,tina23@example.org,1917-09-09,1
166,Donna Smith,rachellewis@example.org,1924-07-18,0
167,Lisa Yates,hendersonjames@example.com,1917-05-08,0
168,Patrick Stewart,mooreronald@example.net,2008-10-26,1
169,Richard Williams,amy94@example.com,1946-04-01,1
170,April Jacobs,padillajulie@example.org,1931-10-30,0
171,Shane Jones,mitchellshawn@example.com,2011-09-14,1
172,Theodore Jackson,kevincastaneda@example.com,1960-07-19,1
173,Robert Rosales,barry29@example.org,1972-12-14,1
174,Kelly Clark,kelseyeverett@example.net,1996-04-26,0
175,Shannon Mercer,rebeccareed@example.com,1995-06-02,0
176,James Flores,vasquezrobert@example.net,2016-07-21,1
177,Nicole Lowe,deanmartin@example.com,1999-12-11,0
178,Jared Burke,inewman@example.net,1920-08-12,1
179,Jennifer Aguilar,esparks@example.com,1955-01-03,0
180,Anna Robertson,lpayne@example.com,2011-04-05,0
181,Lucas Dennis,erikacastaneda@example.org,1984-03-08,1
182,Robert Scott,cwang@example.com,1967-09-19,1
183,Christian Martinez,fthomas@example.com,1933-06-04,1
184,Barbara Meyers,russoelizabeth@example.net,1999-10-05,0
185,John Johnston,moorejulian@example.com,1987-09-25,1
186,Joseph Crawford,carterdanielle@example.net,1996-10-20,1
187,Tracy Tyler,lisa98@example.com,1999-02-05,0
188,Becky Adams,brandywhitaker@example.org,1910-08-25,0
189,Kelly Payne,antoniowagner@example.net,1946-05-03,0
190,Tracy Jackson,adriennebuckley@example.net,1950-06-11,0
191,Daniel Gomez,justin16@example.net,2016-01-31,1
192,Stephanie Mack,fwatkins@example.org,2015-04-03,0
193,Danielle May,mortonralph@example.org,1937-07-12,0
194,Charles Kent,imccormick@example.org,1987-05-16,1
195,Jasmin Nichols,brownstephanie@example.com,1999-12-03,0
196,Sharon Roman,rhodesthomas@example.net,1956-11-11,0
197,Mark Mahoney,jessicafrazier@example.net,1971-12-27,1
198,Paul Long,johntorres@example.org,1947-12-09,1
199,Stephen Webster,thompsonkimberly@example.org,1938-01-29,1
200,Russell Landry,nicolecooper@example.com,1981-12-25,1
201,Jonathan Lin,rodriguezdavid@example.net,1993-06-27,1
202,Jo Mendoza,lindamoore@example.org,1996-10-26,0
203,Isabella Hernandez,william43@example.net,1915-03-19,0
204,Ronald Mitchell,mbrown@example.net,2021-11-23,1
205,Shane Cook,ronaldboyd@example.net,1971-03-17,1
206,Mr. Phillip Jones,stephanie65@example.net,2020-08-06,1
207,Robert Wheeler,jonestristan@example.net,1995-02-28,1
208,Melissa Graves,jrichards@example.org,2007-02-25,0
209,Scott Garcia,lawsoncatherine@example.org,1946-12-24,1
210,Jeremy Jones,fisherlarry@example.net,2010-06-14,1
211,Herbert Lee,kim98@example.com,2017-03-09,1
212,Aaron Ferguson,olsondavid@example.net,1939-09-16,1
213,Dr. Elizabeth Baker,angelaingram@example.net,1932-11-06,0
214,Mrs. Leslie Robinson,curtis73@example.com,1936-04-14,0
215,Michael Herrera,ffoster@example.net,1954-05-28,1
216,Courtney Powell,erica67@example.com,1959-10-20,0
217,Lindsey Leach,victorialee@example.net,1978-05-22,0
218,Nathan Ortiz,opena@example.org,1974-01-19,1
219,Danielle Bond,marctran@example.org,1988-02-11,0
220,Steven Gutierrez,dustin82@example.net,1944-08-08,1
221,Ashley Brown,jennifercalhoun@example.org,1971-04-18,0
222,Breanna Lewis,mmoore@example.com,1987-10-09,0
223,Christine Scott,kdavenport@example.org,1913-01-29,0
224,Keith Case,hamiltondaniel@example.org,1981-10-15,1
225,Samantha Clark,huynhpatricia@example.net,1907-09-09,0
226,Renee Foley,millerdavid@example.com,1957-06-06,0
227,Antonio Stevens,fnewton@example.org,1946-02-26,1
228,Brandi Matthews,anthonytrevino@example.net,1976-11-22,0
229,Cathy Hanson,kiara21@example.net,1956-08-26,0
230,Angela Bradshaw,tracey41@example.com,1958-07-01,0
231,Joshua Gibbs,kennethwarren@example.net,2018-06-29,1
232,Matthew Hendricks,stevenarcher@example.net,1907-08-28,1
233,Vickie Parker,mharper@example.org,2015-06-19,0
234,Frank Thomas,brittanybauer@example.org,2003-12-25,1
235,Daniel Small,timothy27@example.org,1963-11-17,1
236,David Murphy,melissa10@example.com,2018-06-23,1
237,Nathan Lee,smithsharon@example.com,1988-12-27,1
238,Sandra King,browndana@example.net,1924-01-13,0
239,David Nelson,brownjennifer@example.org,1930-03-20,1
240,Amanda Vega,cruzmelissa@example.com,2005-05-17,0
241,Crystal Reeves,tlandry@example.com,2004-01-26,0
242,Joanna Beck,jamesgonzalez@example.net,1931-09-19,0
243,Ashley Clark,nortiz@example.org,1996-05-22,0
244,Larry Edwards,wigginstiffany@example.org,2007-05-16,1
245,Stephen Hernandez,smccarthy@example.net,1978-07-18,1
246,Robert Castro,fernandezsamuel@example.org,1982-08-16,1
247,Colton Johnson,jaredgonzalez@example.org,1934-06-05,1
248,Joseph Griffin,luceroadam@example.org,1933-06-12,1
249,Cesar Rogers,victorperez@example.com,1957-03-14,1
250,Kyle Bates,tristancampbell@example.net,2018-05-14,1
251,Adam Moore,shermanamy@example.com,2018-02-05,1
252,Kimberly Jimenez,xlewis@example.org,1906-10-04,0
253,James Atkins,cindy57@example.net,2018-07-08,1
254,Cynthia Taylor,suzanne36@example.net,2008-03-07,0
255,Mark Snyder,vlong@example.org,2011-08-15,1
256,Kristen Luna,alexandermccann@example.net,1936-03-08,0
257,Thomas Herrera,kristinawhite@example.net,1907-04-25,1
258,James Manning,uhenderson@example.net,1921-04-08,1
259,James Murphy DDS,anthonythompson@example.net,1966-01-14,1
260,Sherri Morton,joseph26@example.net,1985-07-15,0
261,Diana Hanson,rasmussenmichael@example.net,1969-02-20,0
262,Roberto Smith,kimberlyjames@example.com,1951-11-14,1
263,Stephen Rogers,christopherjones@example.org,2011-06-16,1
264,John Craig,ethan39@example.com,1950-05-21,1
265,Amber Pacheco,esimmons@example.com,1958-09-20,0
266,Vanessa Taylor,omar56@example.org,1906-05-21,0
267,Edwin Adkins,brentnelson@example.net,1960-09-14,1
268,Breanna Burns,justinhays@example.net,1913-03-15,0
269,Kayla White,timothy79@example.com,1945-08-09,0
270,April Williams,austin27@example.com,1980-05-21,0
271,Elizabeth Barnes,ronaldsoto@example.org,1940-09-21,0
272,Mariah Ray,shawnwilliams@example.com,1955-01-27,0
273,Brianna Porter,kwalker@example.com,1967-07-17,0
274,Danielle Marshall,alexandermorris@example.com,1949-05-06,0
275,Mark Bonilla,webbjoshua@example.org,1932-07-14,1
276,Tara Meyer,thomas65@example.net,1936-07-03,0
277,Travis Burton,kirksharon@example.org,1932-08-06,1
278,Anthony Gonzalez,mendozadanielle@example.org,2001-03-14,1
279,Douglas Sandoval,kingmaria@example.org,1956-03-15,1
280,Maria Reynolds,blackjoshua@example.org,1930-02-21,0
281,Hailey Sanders,lynchelaine@example.org,2020-09-02,0
282,Wendy Hill,frederickjohnson@example.net,1958-11-26,0
283,Douglas Smith,linda66@example.org,1999-07-31,1
284,Joseph Wright,dawsonkeith@example.org,1962-12-18,1
285,Stephanie Herrera,parsonsheather@example.org,1920-11-28,0
286,Andrew Thompson,troy66@example.net,1919-07-17,1
287,James Maddox,christinehernandez@example.net,1941-04-23,1
288,Christine Estes,rodriguezjoseph@example.net,2022-03-05,0
289,Edward Butler,steven96@example.org,1948-09-22,1
290,Elizabeth Martinez,portersusan@example.com,1947-05-12,0
291,Cynthia Anderson,william78@example.org,1962-03-17,0
292,Larry Brown,beasleymax@example.com,1962-10-19,1
293,Anthony Myers,victoria97@example.org,1922-03-27,1
294,Nicole Hernandez,michellepittman@example.org,1924-07-25,0
295,James Porter,zclarke@example.com,1946-07-23,1
296,Jeffery Simmons,lukegreer@example.net,1948-12-18,1
297,Angela Davis,smithstephanie@example.com,1990-10-07,0
298,Kimberly Logan,tamara95@example.com,1956-08-29,0
299,Mark Prince,williamscheryl@example.com,1957-10-26,1
300,Brandon Ramirez,veronicaoconnor@example.com,1954-12-21,1
301,Nicholas Williams,mharrison@example.org,1976-01-11,1
302,Mr. Daniel Love DDS,thomas79@example.org,1968-03-17,1
303,Michelle Sexton,mshepherd@example.org,1987-02-05,0
304,Michael Clark,kurtcarr@example.com,1942-09-27,1
305,Victor Moore,hineseugene@example.net,1965-07-11,1
306,Vanessa Miller,melissa21@example.net,1990-09-20,0
307,John Miller,ksnow@example.com,2021-04-27,1
308,Carla Taylor,jamescummings@example.net,1958-09-23,0
309,Kelly Bennett,kylewilson@example.org,1921-07-14,0
310,Jacqueline Alvarez,christine29@example.net,1961-12-19,0
311,Brandon Hammond,moralesbrandon@example.com,1964-07-03,1
312,Jennifer Gill,droberts@example.org,2016-03-25,0
313,Mr. Benjamin Lawrence,crystal81@example.net,1965-02-02,1
314,Nicole Ali,dmartinez@example.org,1911-12-31,0
315,Scott Meyer,alexislynn@example.com,1990-11-17,1
316,Donald Burgess,harrisdavid@example.com,1946-03-14,1
317,Jennifer Johnson,kayla04@example.org,1946-01-27,0
318,Kevin Chavez,brittanyrodriguez@example.net,1997-11-02,1
319,Melissa Rogers,matthew55@example.org,1968-03-01,0
320,Christina Moore,ysalazar@example.net,1929-06-25,0
321,Carmen Anthony,gkoch@example.org,2003-07-16,0
322,Ricky Baker,zclark@example.com,1972-07-20,1
323,Nicole Wise,bwalker@example.net,1961-02-02,0
324,Debra Collins,paige82@example.net,1938-08-07,0
325,Kristin Wade,nhamilton@example.net,1992-03-23,0
326,Daniel Cox,middletonmaureen@example.net,1945-07-07,1
327,Leslie May,denise06@example.org,1914-02-12,0
328,Jacob Herman III,william87@example.com,1963-09-15,1
329,Renee Turner,marycollins@example.com,1958-12-27,0
330,Christopher Cook,imoore@example.com,1915-08-05,1
331,Kenneth Lutz,blevinsmeredith@example.org,1926-07-13,1
332,Amy Carey,amanda50@example.net,1972-02-18,0
333,Andre Brennan,iyoung@example.net,1950-06-26,1
334,James Bates,dianeboone@example.com,1931-01-05,1
335,Melissa Underwood,moraleskeith@example.net,1993-07-17,0
336,Carlos Martinez,wtaylor@example.net,1953-04-01,1
337,Anthony Allen,iyoung@example.com,1929-02-09,1
338,Billy Holmes,garciagabriel@example.org,2002-04-15,1
339,Christian Robbins,jyu@example.net,1910-02-11,1
340,Melissa Ritter,tyler45@example.com,1923-11-02,0
341,Timothy Lee,perezlacey@example.net,1954-02-23,1
342,Derek Hill MD,joseph24@example.org,1995-01-13,1
343,Stephen Figueroa,nwilson@example.net,1915-01-09,1
344,Andrew Cox,jmayer@example.org,2015-01-23,1
345,Fred Dodson,uroberts@example.org,1911-05-27,1
346,Heather Perez,leemoon@example.org,1937-10-31,0
347,Hannah Lewis,amyfrey@example.com,1910-02-16,0
348,Joseph Pollard,allison70@example.com,1954-07-11,1
349,Thomas Bell,shelly90@example.com,1972-04-18,1
350,Dustin Smith,kristin09@example.com,1973-03-06,1
351,Bryan Jones,wrightjonathon@example.com,1969-02-08,1
352,Patricia West,tdougherty@example.org,2012-04-09,0
353,Joe Spencer,heather86@example.com,1976-04-20,1
354,Jesus Bell,bryan98@example.com,1957-01-11,1
355,Maria Gordon,brian66@example.net,2012-07-29,0
356,Mary Beck,garciajoshua@example.com,1940-10-15,0
357,Susan Vasquez,smithtraci@example.com,1999-03-03,0
358,Lindsey Alexander,ifuentes@example.net,1978-10-19,0
359,Raymond Thompson,jamie32@example.org,2003-05-24,1
360,Shawn Ruiz,jgarcia@example.org,1977-08-31,1
361,Brent Griffith,rebecca44@example.org,1974-03-07,1
362,Lisa Hayes,mclaughlincole@example.com,1996-08-14,0
363,Nathan Robinson,lisa60@example.net,1957-02-05,1
364,Tina Chambers,hkelly@example.com,1988-05-07,0
365,Dawn Smith,james83@example.net,1919-02-02,0
366,Jose Tyler,kristin95@example.com,1949-01-23,1
367,Christian Marks,ewilson@example.net,1915-10-22,1
368,Austin Evans,brownmichael@example.net,1969-03-07,1
369,Hannah King,xnelson@example.com,1943-03-27,0
370,Jeffrey Harris,kevin75@example.net,1973-05-03,1
371,Stephanie Bell,jamiemiller@example.net,1968-06-07,0
372,Laurie Miller,allisonramirez@example.com,1962-07-26,0
373,Mary Coleman,charleskelly@example.com,1992-12-31,0
374,Levi Villarreal,mendezedward@example.com,1959-10-17,1
375,Joe Rivera,carlpatton@example.com,1953-09-01,1
376,Kenneth Russell,millerrebecca@example.net,1924-11-10,1
377,Lindsay Mccarthy,xdavis@example.net,1985-04-28,0
378,Theodore Becker,vanderson@example.com,2018-10-07,1
379,Juan Wilson,cherylsimmons@example.net,1927-04-11,1
380,Brandon Waller,stephen10@example.org,1930-02-26,1
381,Willie Norris,kevin13@example.com,1949-11-13,1
382,Ashley Welch,clarksara@example.com,1924-03-13,0
383,Elizabeth Morrison,fernandezthomas@example.net,2014-06-07,0
384,Kimberly Haynes,murphysara@example.com,2003-04-15,0
385,Stephanie Sloan,michael02@example.org,1992-04-28,0
386,Robert Beltran,uwarren@example.com,1992-04-18,1
387,Randy Jackson,emily54@example.org,1972-07-31,1
388,Brandon Jensen,keydylan@example.org,1930-06-28,1
389,Lynn Brown,jasonsmith@example.org,2012-08-22,0
390,Matthew Gomez,alex88@example.org,1935-08-22,1
391,Derek Johnson,zosborne@example.net,1979-05-10,1
392,Mrs. Jasmine Williams,yangheather@example.com,1956-10-20,0
393,Ryan Gardner,ifloyd@example.com,1941-09-01,1
394,Miss Brittany Tran,heathermitchell@example.org,1908-05-18,0
395,Kara Rivera MD,jenniferpatel@example.net,1907-08-20,0
396,Brittney Combs,davisian@example.org,1949-02-13,0
397,Steven Johnson,changkaren@example.net,1951-10-08,1
398,Brandon Glenn,nelsonmatthew@example.com,1970-02-23,1
399,Ashley Taylor,kennethclark@example.com,2004-09-28,0
400,Jack Jarvis,wardkathy@example.net,1914-12-26,1
401,Brian Dillon,caleb71@example.com,1987-09-04,1
402,Leslie Hodges,zwilliams@example.net,2017-12-03,1
403,Bill Schmidt,kellyroberson@example.net,1926-07-24,1
404,Dale Hammond,holmestodd@example.net,1995-05-14,1
405,Andrea Pratt,kurtgarcia@example.com,1986-12-07,0
406,Johnathan Pierce,daniel39@example.com,1961-02-18,1
407,Brianna Dennis,edwardsmith@example.net,1912-09-08,0
408,Evan Harris,thomasevans@example.org,1907-08-20,1
409,Brittney Tran,rebekahbrennan@example.net,1970-01-24,0
410,Laura Jones,feliciacarter@example.com,1947-01-04,0
411,Ashlee Arnold,qbrown@example.org,1945-06-21,0
412,Brandon Molina,steelebrian@example.com,1949-10-03,1
413,Gary Hoffman,mparker@example.net,1924-09-12,1
414,Julie Saunders,veronica75@example.com,1962-06-07,0
415,Jeffrey Rivera,marcia21@example.org,1965-08-17,1
416,Stephanie Harvey,mooreisabella@example.net,1984-01-12,0
417,Monica Woods,dolson@example.net,1981-02-21,0
418,Calvin Reilly,phillip24@example.net,2012-10-11,1
419,Jerry Baker,jeffreyserrano@example.com,1917-09-09,1
420,Carlos Henderson DDS,xcallahan@example.org,1925-08-07,1
421,Shaun Evans,geraldmoore@example.org,1929-08-05,1
422,Jane Baker,palvarez@example.net,1977-09-16,0
423,Anthony Rice,nicole60@example.org,2001-01-08,1
424,Robert Oconnor,fernandezbeverly@example.org,2008-09-09,1
425,Emily Brady,alexisfoster@example.net,2009-02-27,0
426,Karen Acevedo,adrianamorales@example.org,1996-09-01,0
427,Kendra Morgan,joshuawoodward@example.org,1953-03-12,0
428,Dr. Nancy Miller MD,kellyshari@example.com,2003-10-02,0
429,Kristin Grant,jonathanbenson@example.org,2009-05-06,0
430,Timothy Stanley,cynthiapetersen@example.org,2015-03-24,1
431,Richard Wagner,lopezbrandi@example.org,1937-02-03,1
432,Jack Crawford,ybradley@example.org,1933-05-15,1
433,Dustin Calderon,danielwright@example.com,1990-08-16,1
434,Mr. Jack Walker,kenneth55@example.com,1999-01-28,1
435,Sandra Sosa,james32@example.org,1972-08-10,0
436,Benjamin Lee,jacksonjohn@example.net,1929-10-15,1
437,Amber Lee,fsmith@example.com,1916-11-20,0
438,Karen Carpenter,donnawood@example.org,1970-06-03,0
439,Stephanie Bailey,booneleslie@example.com,1949-03-27,0
440,Zachary Flores,alexis71@example.com,1996-02-29,1
441,Steven Lopez,kathryn58@example.org,1968-10-18,1
442,Joseph Blevins,philip60@example.org,1960-03-26,1
443,James Jordan,barbara93@example.org,1908-05-23,1
444,Scott Cortez,william76@example.org,1914-05-16,1
445,Chelsea Huber,nguyenallison@example.net,1971-02-17,0
446,Stephanie Williams,gardnerjacob@example.com,1917-01-04,0
447,Sarah Fischer,ricardocruz@example.org,1980-12-29,0
448,Katherine Johnson,adrianwoodard@example.org,1983-01-01,0
449,Natasha Kelley,jodibailey@example.org,1915-06-09,0
450,Jennifer Bowman,timothy27@example.com,1958-06-26,0
451,Anita Gonzales,xolson@example.com,1906-09-27,0
452,Ryan Jones,ahammond@example.com,2018-03-24,1
453,Justin Shepard,owalker@example.net,1917-05-30,1
454,Elizabeth Smith,brettkelly@example.org,1911-10-10,0
455,Gabrielle Bryant,brownpaul@example.net,2003-04-13,0
456,Sarah Rivera,croberts@example.net,1911-11-19,0
457,Michelle Mcdaniel,shill@example.net,1933-09-16,0
458,Donald Miller,matthew09@example.com,1949-12-27,1
459,David Townsend,paul36@example.com,1956-09-30,1
460,Juan Smith,fpacheco@example.net,1953-03-25,1
461,David Frost,qclark@example.net,2018-01-11,1
462,Emily Cook,ybrown@example.net,1991-03-11,0
463,Donald Ingram,markortiz@example.net,2005-07-04,1
464,Corey Stafford,beltransamantha@example.net,2022-01-12,1
465,Kayla Herrera,meganjohnston@example.com,1973-06-07,0
466,Jonathan Bailey,justintorres@example.com,1941-08-14,1
467,Lori Moore,uperez@example.com,1970-01-27,0
468,Sherri Griffin,djones@example.com,1983-12-28,0
469,Susan Reynolds,zmartinez@example.net,1935-11-21,0
470,Regina Mcdonald,colleenreynolds@example.org,1995-03-01,0
471,Colleen Fowler,marquezhannah@example.org,1966-03-23,0
472,Hannah Stuart,pamela08@example.org,1922-03-16,0
473,Michael Lopez,carpentermiguel@example.com,1992-03-14,1
474,Christina Cabrera,leonardjacob@example.org,2017-03-25,0
475,Michele Barry,martinmelissa@example.net,1931-09-03,0
476,Angela Hall,christopher02@example.com,1928-04-09,0
477,Andrea Rogers,hillcaroline@example.org,1967-04-29,0
478,Joseph Wilson,othomas@example.com,1929-05-10,1
479,Melissa Wagner,cruiz@example.com,1916-06-21,0
480,Penny Cantu,eugene86@example.com,1980-01-09,0
481,Connie Haley,millerjack@example.com,1915-04-17,0
482,Dylan Raymond,burnettbenjamin@example.net,1995-12-30,1
483,Dennis Ford,chelsea70@example.net,1973-02-15,1
484,Susan Williams,owright@example.com,1940-04-10,0
485,Leslie Gonzalez,morganjustin@example.com,1963-05-31,0
486,Connie Morgan,ellisonkaren@example.org,1922-05-16,0
487,Judith Moore,arthurparker@example.net,2004-05-10,0
488,Crystal Taylor,erictaylor@example.com,1917-12-21,0
489,Randall Norris,wilsonpaige@example.org,1908-03-08,1
490,Linda Martinez,reyesjean@example.org,1934-11-19,0
491,Vincent Day,edwin51@example.org,1923-12-02,1
492,Elizabeth Ho,deanthomas@example.net,2005-07-17,0
493,Abigail Kerr,christine88@example.org,1992-08-03,0
494,Michael Peck,jenningstraci@example.com,1918-10-13,1
495,Latoya Harris,cruzjennifer@example.net,1941-12-29,0
496,Melissa Mendez,colliererica@example.com,2020-01-17,0
497,Melissa Torres,pricejoseph@example.net,2014-07-29,0
498,Sharon Wiggins,austinhannah@example.com,1958-05-08,0
499,Jennifer Ellis,kweber@example.com,1961-12-11,0
500,Robin Patterson,kaitlinramos@example.net,1949-05-05,0
501,Matthew Smith,schroedermark@example.org,2018-12-31,1
502,Michele Carson,chaveztheresa@example.org,1953-10-26,0
503,Melissa Martinez,jasonwilkerson@example.com,2015-05-18,0
504,Debbie Hernandez,dmccann@example.org,1917-10-21,0
505,Mr. Joel Cole,bryanlopez@example.org,2009-04-17,1
506,Anthony Murray,joshuapeters@example.org,1934-12-19,1
507,Austin Morris,tategeorge@example.org,2004-12-23,1
508,Sara Wright,angela78@example.net,1982-05-06,0
509,Suzanne Knight DVM,robertlopez@example.net,1934-08-26,0
510,Jennifer Bowers,jacquelinepalmer@example.net,1924-09-17,0
511,Valerie Rivera,weisskent@example.org,1965-10-12,0
512,Susan Baker,johnsonalexander@example.com,1918-12-07,0
513,Nancy Mccormick,patricia60@example.net,2021-06-26,0
514,Nicole Edwards,tylerpalmer@example.org,1939-06-01,0
515,Ryan Brown,eric45@example.com,1965-02-07,1
516,Isabella Bryan,calvin97@example.org,1911-10-13,0
517,Diane Higgins,kelseysawyer@example.com,1911-01-14,0
518,Kayla Butler,emcintyre@example.net,1913-05-23,0
519,Miss Stacey Garcia MD,harrisjohn@example.org,1985-01-06,0
520,Dale Huff,gentrycheryl@example.com,2014-08-12,1
521,Andrew Clark,christophergarcia@example.org,1947-04-06,1
522,Ruth Zhang,frederick18@example.com,1933-11-13,0
523,Miguel Flynn,michelle70@example.net,2007-09-27,1
524,Tonya Mcclain,qmiller@example.com,1957-01-10,0
525,Hannah Hart,hernandeznathan@example.net,1942-03-14,0
526,Ronald Allen,emilymartin@example.com,1985-06-30,1
527,Christopher Foster,makayla34@example.com,1976-01-27,1
528,Barry Mann,williamjones@example.net,1998-08-22,1
529,Sarah Smith,armstrongjaclyn@example.net,1934-01-26,0
530,Carolyn Smith,chrisharper@example.org,1974-06-19,0
531,James Neal,crystal44@example.org,1979-01-29,1
532,Rhonda Colon,sburton@example.org,1980-02-26,0
533,Jeffrey Kelly,grant89@example.org,1914-06-02,1
534,Anne Jones,tmejia@example.net,1940-07-24,0
535,Michael Diaz,amanda69@example.org,1917-06-28,1
536,Amanda Wilson,moralesrichard@example.org,1991-04-01,0
537,Rachel Evans,matthewsvictoria@example.net,2000-06-07,0
538,Mr. Anthony Dunn MD,carrillojoseph@example.net,1980-08-05,1
539,Jesse Harris,smithpeter@example.net,1998-09-23,1
540,Jesse Jackson,ufrank@example.com,1906-08-20,1
541,Erika Edwards,phelpskenneth@example.com,1929-10-17,0
542,Michelle Miller,benjamin68@example.com,1993-05-07,0
543,Bryan Garrett,christinecunningham@example.com,2021-08-15,1
544,Robert Willis,herbertporter@example.org,1961-09-04,1
545,Beverly Hayes,norrisvalerie@example.org,1943-08-25,0
546,Michael Weber,jenniferramos@example.net,1925-03-02,1
547,Gabriel Gonzales,wandahunter@example.net,1951-12-19,1
548,Scott Keith,brianmiller@example.net,1999-09-15,1
549,Bradley Hudson,chadparker@example.org,2022-03-02,1
550,Brian Donaldson,wscott@example.net,1943-02-16,1
551,Sherri Hanson,steven31@example.org,1975-05-15,0
552,Christian Cox,tparker@example.org,1946-03-01,1
553,Robert Hudson,cfreeman@example.net,1911-09-05,1
554,Jeremiah Leonard,tiffany98@example.com,1972-12-25,1
555,Alicia Owens,brownleah@example.net,1959-05-08,0
556,Rebecca Li,thomas21@example.org,1964-09-15,0
557,Jacob Turner,robertfields@example.com,1937-04-01,1
558,Nicholas Nguyen,williamperez@example.net,1945-07-21,1
559,Mary Chapman,michaelspencer@example.org,1938-01-02,0
560,Angela Russell,pwise@example.net,1926-11-03,0
561,David Phillips,marybarrett@example.net,1941-02-21,1
562,Jordan Wood,monica80@example.net,1909-06-29,0
563,George Robinson,randy12@example.net,1908-12-06,1
564,Glenn Pierce,olsenangel@example.org,2006-12-28,1
565,Barbara Lee,erinhoffman@example.com,1927-12-25,0
566,Melissa Tyler,joseweaver@example.com,1990-01-05,0
567,Dana Harrell,stephaniemarshall@example.com,1988-09-26,0
568,John Miller,morrismaria@example.net,1926-08-28,1
569,David Hernandez,christina17@example.net,1987-01-07,1
570,Sandra Mahoney,angelmurphy@example.com,1956-12-12,0
571,Leah Winters,vdavis@example.com,1991-03-09,0
572,Alicia Burns,brittanylopez@example.net,1977-11-01,0
573,Taylor Roberts,michellegraham@example.org,1907-11-03,1
574,Nicole Coffey,michaelfleming@example.org,2004-05-21,0
575,Grant Peters,hilldonald@example.org,1935-10-14,1
576,Crystal White,zmartin@example.com,1982-09-24,0
577,Ronald Rodriguez,glenncampbell@example.org,1915-12-16,1
578,Tina Lambert,tweber@example.net,1985-11-26,0
579,Rebecca Garcia,matthewwilliams@example.org,1986-09-13,0
580,Peter Bryant Jr.,myerssarah@example.org,1982-10-02,1
581,Christopher Francis,teresarichardson@example.org,2010-05-08,1
582,Dennis Cannon,halljohn@example.net,2011-12-21,1
583,Kevin Jones,elizabeth24@example.org,1986-01-11,1
584,James Watson,emily99@example.com,1974-05-26,1
585,Justin Barnes,michelle50@example.com,1976-05-24,1
586,David Thompson,antoniojackson@example.com,2007-07-07,1
587,Matthew Bradshaw,dmarshall@example.org,1920-02-20,1
588,Vincent Carr,nelsonsarah@example.org,1911-02-28,1
589,Jeffrey Phelps,jasmine82@example.org,1964-02-04,1
590,Carolyn Woodward,parkerhughes@example.net,1935-03-31,0
591,Bobby Miller,paulwatkins@example.com,1925-10-13,1
592,Kathryn Moody,jgarcia@example.org,1926-08-07,0
593,Dana Ortiz,sandranorris@example.net,1915-02-13,0
594,Jeremy Cox,cjackson@example.org,2002-04-02,1
595,Robert Taylor,bbailey@example.com,1992-03-05,1
596,Devin Collins,lewisvictoria@example.com,2020-01-25,1
597,Becky Smith,carolyn36@example.org,1959-08-18,0
598,Judy Stanley,armstrongamanda@example.com,1951-05-12,0
599,Denise Orozco,ajones@example.com,1953-10-05,0
600,Rebecca Mata,wstanley@example.com,1918-09-22,0
601,Tammy Campbell,mark27@example.net,1950-04-27,0
602,Holly Gilbert,stephensonbrian@example.com,2003-01-09,0
603,Phillip Waller,briggsmary@example.net,1968-07-09,1
604,Mrs. Yolanda Horton,taylorkelsey@example.net,1938-05-25,0
605,April Nicholson,qbailey@example.org,2004-02-23,0
606,Joshua Mcdonald,jessica75@example.org,1987-05-17,1
607,Geoffrey Williamson,jgreen@example.net,2004-04-15,1
608,Kelly Ponce,maria21@example.net,1949-11-19,0
609,Brett Rangel,allenjulian@example.org,1932-12-24,1
610,Melissa Rodriguez,nreilly@example.net,2011-09-28,0
611,Donna Dorsey,johnsonjodi@example.com,1971-10-28,0
612,Christian Griffin,lisa92@example.com,1961-03-31,1
613,Anthony Hunter,renee14@example.com,1935-02-15,1
614,Elizabeth Mosley,xevans@example.org,1939-09-22,0
615,Justin Garcia,heather18@example.com,1930-10-29,1
616,Chris Campbell,curryvictor@example.org,1913-03-04,1
617,David Spence,eric00@example.com,1996-02-15,1
618,Ryan Lopez,catherine58@example.org,2001-03-07,1
619,Erik Bowen,sbarnes@example.org,1911-04-24,1
620,Susan Soto,danielrogers@example.net,1981-04-29,0
621,Taylor Dixon,tfrazier@example.net,1960-09-19,0
622,Christopher Vasquez,angela03@example.org,1908-06-11,1
623,Elizabeth Joseph,robertmccullough@example.com,1929-10-14,0
624,Shawn Green,fernandezdanny@example.com,1930-06-02,1
625,Douglas Jenkins,qshepard@example.org,1985-07-21,1
626,Daniel Johnson,youngkenneth@example.com,2001-04-21,1
627,Jeremy Christensen,dgordon@example.org,1975-02-19,1
628,Jesse Rodriguez,brandigarcia@example.org,1976-04-10,1
629,Antonio Wright,daltonhernandez@example.org,1950-05-01,1
630,Sandra Sanchez,maxsims@example.com,1941-06-15,0
631,Kathleen Chen,thompsonsamantha@example.com,1915-02-10,0
632,Alicia Carpenter,richard59@example.com,1993-03-07,0
633,Russell Khan,rmarks@example.net,1947-12-09,1
634,Rebecca Horne,cindy75@example.com,1944-09-13,0
635,Paul Frost,delgadoelizabeth@example.net,2010-04-16,1
636,Thomas Lowe,ronald08@example.org,1924-01-18,1
637,Stephanie Martin,james10@example.net,1909-08-01,0
638,Tony Silva,bryan13@example.com,1934-03-11,1
639,Earl Gomez,nfigueroa@example.net,1988-09-05,1
640,Christopher Vega,youngrichard@example.net,1924-12-30,1
641,Isabella Ballard,stephensellers@example.org,1958-12-04,0
642,David Walker,ashley88@example.com,2000-05-04,1
643,Erik Sanchez,pamela32@example.com,2013-04-19,1
644,Shawn Harrell,jeffrey76@example.org,1976-05-01,1
645,Jodi Bradford,browndavid@example.com,1950-11-11,0
646,Jenna Lozano,richardjenkins@example.net,2004-11-08,0
647,Jared Sullivan,gilbertdavid@example.com,1949-02-07,1
648,Keith Yates,jacksonjennifer@example.com,2010-12-23,1
649,Christopher Mccarty DDS,djohnson@example.com,1939-06-12,1
650,Alexander Rich,moorepatricia@example.net,1951-07-24,1
651,Paul Castro,johnjohnston@example.net,1970-08-24,1
652,Christopher Whitaker,vfrederick@example.com,1941-12-09,1
653,Jeffrey Rodriguez,edodson@example.net,1968-11-02,1
654,Amanda Raymond,stephenmarshall@example.org,1924-05-18,0
655,Judy Hansen,zamorajulian@example.net,1959-10-27,0
656,Crystal Liu,cherylaguilar@example.org,1917-06-18,0
657,Kimberly Morris,melodyramirez@example.org,2011-11-17,0
658,Jeffrey Dean,mooreaudrey@example.org,1986-08-16,1
659,Charles Price,jortega@example.net,1950-10-29,1
660,Catherine Gregory,duranraymond@example.org,1922-05-29,0
661,Austin Mills,melissaking@example.org,2000-01-09,1
662,Alexander Christensen,jparks@example.org,2018-06-22,1
663,Michelle Morris,rcalderon@example.org,1935-10-23,0
664,Steven Cook,erodriguez@example.net,1985-07-28,1
665,John Fields,villanuevakaylee@example.net,2008-02-08,1
666,Mark Long,mortonjacob@example.net,1917-07-03,1
667,David Morrison,michelle34@example.com,1967-12-27,1
668,Christopher Mathews,huertachloe@example.net,1956-10-12,1
669,Amanda Paul,millerchristopher@example.com,1946-06-18,0
670,Dana Powell,tylerwright@example.net,1935-07-15,0
671,Christina Snyder,traceymason@example.org,1988-08-07,0
672,Nicole Pearson,denise50@example.net,2020-12-22,0
673,Bryce Bradley,robert71@example.com,2005-04-25,1
674,Amber Walker,huffmankenneth@example.org,2012-12-12,0
675,Heather Cain,hherring@example.net,1992-06-30,0
676,Zachary Larson,mcdonaldpaul@example.com,1906-08-01,1
677,Wanda Ramos,leonardmark@example.com,1937-10-25,0
678,Mitchell Stone,jeffrey85@example.net,1969-02-19,1
679,Patricia Perez,stanley77@example.com,1906-12-11,0
680,Katie Hanson,cohenjohn@example.net,1955-10-28,0
681,Michael Mccullough,emiller@example.com,1928-10-23,1
682,Sharon Conner,ggrant@example.com,1931-05-31,0
683,Michael Hardy,masoneverett@example.net,2012-10-22,1
684,Kevin Kelly,hjones@example.org,2014-04-13,1
685,Daniel Thompson,ghughes@example.org,1936-08-08,1
686,Steven Travis,lovemelanie@example.org,1989-08-08,1
687,Linda Cisneros,meganlove@example.net,1950-09-22,0
688,Jeremy Lewis,lbrown@example.net,1937-03-10,1
689,Jennifer Baker,andrewjohnson@example.net,1919-05-27,0
690,David Hoffman,floresaudrey@example.net,2012-08-04,1
691,Christopher Lewis,kimbush@example.com,1911-07-26,1
692,William Cox,gstokes@example.net,1933-07-16,1
693,Richard Diaz,craigcruz@example.com,1954-10-08,1
694,Lisa Miller,reynoldskendra@example.com,1926-10-10,0
695,Cody Bailey,pagejason@example.com,1946-11-29,1
696,Cynthia Smith,contrerasrandy@example.net,1945-04-01,0
697,Mary Kennedy,lopezlouis@example.net,1993-04-16,0
698,Joe Koch,mayerdiana@example.org,1915-05-12,1
699,William Dean,rebecca25@example.net,1991-12-21,1
700,Edward Boyd,brandonhernandez@example.com,1971-05-21,1
701,Marie Brooks,ruth29@example.com,1974-08-03,0
702,Bryan Roberson,brownnicholas@example.org,1936-01-27,1
703,Rodney Dean,robert69@example.net,1906-08-28,1
704,Nicholas Kim,bradleysmith@example.org,1968-04-23,1
705,Elizabeth Moss,hillnathan@example.com,2017-07-10,0
706,Michael Oliver,austinadam@example.com,1974-09-05,1
707,Krystal Mueller DDS,matthewjones@example.com,1949-03-23,0
708,Yolanda Thomas,robinsonjennifer@example.org,1989-08-09,0
709,David Hampton,ichandler@example.org,1978-03-17,1
710,Jose Foster,stewartsean@example.net,1982-04-03,1
711,Nicole Long,waltonjames@example.com,1974-11-28,0
712,Steven Moran,ariel32@example.com,2006-11-16,1
713,John Wagner,mary50@example.net,1920-01-18,1
714,Julie Parrish,charleshunter@example.org,1991-02-16,0
715,Kristin Jackson,lyonsnatalie@example.com,1997-07-09,0
716,Shelley Kim,john27@example.net,1991-07-27,0
717,Michael Hamilton,carterwhitney@example.net,1938-03-08,1
718,Adam Perez,rliu@example.org,1933-12-13,1
719,Patricia Fitzpatrick,aliciaallen@example.com,1906-12-19,0
720,Christopher Cook,michaeljohnson@example.org,1945-12-24,1
721,Jason Rodriguez,jasonthompson@example.net,1917-04-20,1
722,Jennifer Boyd,rburke@example.com,1974-05-08,0
723,Jose Smith,vjohnston@example.net,1994-11-20,1
724,Anna Cameron,melanie08@example.com,1925-02-08,0
725,Jeffrey Rojas,ojensen@example.com,1993-09-26,1
726,Anthony Johnston,victor81@example.org,2001-08-10,1
727,Timothy Griffin,frank78@example.com,1996-01-22,1
728,Jordan Smith,john08@example.org,1919-01-09,1
729,Nichole Herrera,iholloway@example.org,1971-12-28,0
730,Christopher Mercado,zacharywhitaker@example.com,1956-04-30,1
731,Roberto Brown,murphyjeffrey@example.org,1998-07-30,1
732,Dylan Ortiz,benjaminevan@example.com,1959-01-02,1
733,Isaiah Lester,simontina@example.org,1935-11-30,1
734,Erin Flynn,brian63@example.org,1985-11-28,0
735,Melanie White,gilmorenicole@example.net,1960-05-04,0
736,Daisy Ward,shannonautumn@example.org,1955-12-10,0
737,Eric Peterson,icamacho@example.com,1970-03-24,1
738,Katherine Sweeney,fthompson@example.net,1934-04-15,0
739,James Price,david25@example.org,1957-04-15,1
740,Shawn Mejia,bferguson@example.com,1993-10-16,1
741,Anthony Wilson,cochraneric@example.net,1950-09-18,1
742,Stacie Trevino,ashleyrobinson@example.net,1979-07-27,0
743,Jennifer Howard,jrodriguez@example.org,1919-01-30,0
744,Robert Williams,warrenwalter@example.net,1953-12-09,1
745,Andrew Brown,anthonyglass@example.org,1916-09-02,1
746,Lindsey Price,matthewstewart@example.org,2001-04-04,0
747,Sara Schmidt,mary05@example.org,1983-03-24,0
748,Brandi Todd,briangilbert@example.net,1927-09-14,0
749,Matthew Moody,gtaylor@example.net,1991-03-22,1
750,Joel Griffith,sarahkirk@example.org,1995-05-05,1
751,Douglas Campbell,bartonbrenda@example.com,1993-11-16,1
752,Nicholas Norman,davidschultz@example.com,1969-02-18,1
753,Susan Simmons,ysharp@example.com,1950-10-05,0
754,Megan Campbell,courtneywest@example.net,1980-06-05,0
755,Jordan Cole,nmcdaniel@example.com,1938-02-13,1
756,Joseph Arnold,lisa36@example.org,1911-12-25,1
757,Dr. Michael Lester,ann75@example.com,1984-05-12,1
758,Janice Sanchez,smithterri@example.org,1929-05-07,0
759,Brian Sloan,gnguyen@example.net,1910-09-15,1
760,Michelle Rodriguez,vwright@example.org,1962-07-29,0
761,Austin Smith,amyevans@example.net,1930-05-26,1
762,Judith Barrera,dmoore@example.com,2008-06-10,0
763,Kimberly Price,zguerra@example.com,1946-10-11,0
764,Jill Murphy,scottgoodman@example.com,1998-10-09,0
765,Margaret Moore,brandy16@example.com,2021-04-21,0
766,Jennifer Cameron,toddwilliams@example.com,1940-06-14,0
767,Andrea Williams,danagomez@example.org,2016-01-02,0
768,Joseph Rivera,lisa03@example.org,1950-10-29,1
769,Jeffrey Jones,rodriguezcindy@example.net,1966-10-29,1
770,Benjamin Howard,morgankevin@example.com,1936-10-21,1
771,Robert Gordon,fjones@example.org,2002-02-16,1
772,Thomas Caldwell,cgordon@example.net,1967-10-16,1
773,Linda Nguyen,dominguezlauren@example.org,1914-12-24,0
774,Chelsea Martinez,turnercarrie@example.org,1949-06-21,0
775,Linda Cook,laura78@example.net,1923-08-04,0
776,Matthew Stanton,cody66@example.net,2011-04-20,1
777,Barbara Brown,garzakayla@example.com,1914-05-10,0
778,Paige Bautista,ericgarcia@example.net,1979-11-30,0
779,Jorge Barnett,qoconnor@example.net,2005-03-21,1
780,Charles Thompson,joannaweber@example.com,1910-06-01,1
781,Melissa Santiago,tchavez@example.org,2005-08-17,0
782,Natalie Blackwell,jamesrichards@example.net,2006-02-01,0
783,Seth Brown,youngstephen@example.org,1998-10-11,1
784,Alison Woods,arnoldalejandro@example.com,1984-08-08,0
785,Emma Sanchez,rodriguezjohn@example.net,1961-05-16,0
786,Amy Williams,taylorbrian@example.net,1935-03-27,0
787,James Callahan,leonjames@example.net,1951-06-11,1
788,Christopher Griffith,torrestonya@example.com,1917-03-17,1
789,Stephanie Williams,christinejohnson@example.org,1941-03-13,0
790,Oscar Ford,donaldaguilar@example.org,1972-11-21,1
791,Darren Smith,matthewchan@example.net,1964-12-02,1
792,Cassidy York,rtaylor@example.com,2009-03-27,0
793,David Hill,carolyn57@example.net,1935-10-04,1
794,Tina Gordon,kayleeolson@example.net,1961-11-07,0
795,Jennifer Simmons,adamstimothy@example.org,1933-11-17,0
796,Kayla Aguilar,taylorjohnson@example.org,1961-11-04,0
797,Julia Arias,gonzalesmadison@example.org,1992-08-10,0
798,Kenneth Rose,lrodriguez@example.org,1980-03-20,1
799,Tyler Ruiz,jsmith@example.org,1937-08-17,1
800,Nicole Robinson,kellytara@example.org,1995-04-24,0
801,Karen Simmons,edwinramirez@example.com,1932-08-24,0
802,Victoria Robinson,hdavis@example.org,1922-10-07,0
803,Christopher Johnson,andrewbennett@example.net,2019-01-12,1
804,Frederick Maldonado,stephanie73@example.org,1964-08-05,1
805,Jared Richards,victoria05@example.com,1910-11-21,1
806,Cynthia Owens,qsmith@example.net,1965-10-27,0
807,David Gibson,richardcampos@example.org,1996-06-17,1
808,Taylor Smith,kelly51@example.org,1944-05-27,0
809,Jill Jones,floresrandy@example.net,1958-05-27,0
810,Anna Foster,collinsdonna@example.com,1992-01-14,0
811,Alexis Park,monicaswanson@example.net,1909-03-08,0
812,Raven Morse,lisa67@example.com,1992-09-03,0
813,Derek Hanson,lowerydeanna@example.net,1948-06-02,1
814,Victor Morse,megantaylor@example.org,1943-03-15,1
815,Nathan Warren,fkelly@example.org,2018-02-03,1
816,Bradley Rowe,epeters@example.org,1997-04-03,1
817,Marissa Smith,jayjimenez@example.org,2022-01-29,0
818,Wesley Escobar,jessica03@example.com,2013-07-30,1
819,Stephen Raymond,jamesholden@example.com,1931-10-22,1
820,Linda Perry,stephanie13@example.net,1967-04-29,0
821,Jonathan Watson,xmorton@example.com,1927-09-27,1
822,Jonathan Dominguez,kurt73@example.net,1941-07-21,1
823,Kyle Olsen,umyers@example.net,1990-06-20,1
824,Samantha Franklin,cummingsapril@example.com,1945-06-20,0
825,Andrew Murray,uharrison@example.net,1955-04-24,1
826,Heather Chaney,rogersrobert@example.com,1969-10-06,0
827,Timothy Moore,kimberlysanchez@example.org,1934-09-03,1
828,Michael Hicks,kimberly50@example.net,1928-01-24,1
829,Kenneth Gordon,lmiller@example.net,1988-09-09,1
830,Richard Nunez,madisonnelson@example.org,1998-01-02,1
831,Alexandra Shea,kimberly41@example.com,1984-03-12,0
832,Cheyenne Mcdaniel,bcopeland@example.com,2007-11-13,0
833,Chelsea Craig,colemanjoshua@example.com,2020-11-21,0
834,Frances Williams,steve45@example.org,1963-11-15,0
835,Christian Cox,karenrobinson@example.net,1983-03-15,1
836,Christopher Mitchell,emily94@example.org,1923-05-14,1
837,Edwin Jackson,juliapaul@example.com,1936-09-01,1
838,Brad Bowers,stephen06@example.com,1982-11-10,1
839,Christina Lawrence,cpowell@example.org,1975-11-04,0
840,Barbara Sherman,christine74@example.net,2002-08-27,0
841,Francisco Gonzalez Jr.,moorejason@example.org,1914-07-30,1
842,Joseph Todd,richardsontaylor@example.org,1977-02-23,1
843,Shelly Turner,dsparks@example.org,1946-02-08,0
844,Joseph Reyes,andrewsevan@example.net,1947-01-12,1
845,Jeffrey Clark,flopez@example.net,1947-02-16,1
846,Nathan Alvarez,shepardlaura@example.com,1952-01-23,1
847,Melissa Johnson,edward28@example.net,1939-06-06,0
848,Brittany Graves,jamesturner@example.org,1913-02-17,0
849,Michael Marquez,mooredylan@example.org,1921-01-27,1
850,Cheryl Welch,williamkelly@example.com,1983-11-05,0
851,Ashley Sandoval,kevinhall@example.org,2006-08-30,0
852,Benjamin Garrett,yangmariah@example.net,1968-01-18,1
853,Steven Smith,michael13@example.com,1928-09-05,1
854,Carl Cunningham,carla88@example.org,2021-04-29,1
855,Kimberly Henson,newtondavid@example.net,1935-01-23,0
856,Todd Young,rasmussenjames@example.com,2010-01-18,1
857,Katherine Woodward,jane04@example.com,2000-06-21,0
858,Daniel Yang,lsoto@example.net,1923-12-30,1
859,Michael Stevens,yreynolds@example.org,1921-07-12,1
860,Cody Garza,jeffreymiller@example.org,1911-12-05,1
861,Malik Moore,oallen@example.org,1920-10-04,1
862,Jeremy Lawrence,swansonjames@example.com,1992-07-09,1
863,Ashley Thompson,acevedorichard@example.org,2017-09-10,0
864,Meredith Watkins,patricia23@example.org,1947-04-14,0
865,Robert Lawrence,valenciajohn@example.net,1925-07-13,1
866,Jessica Thomas,hcalhoun@example.com,1919-12-06,0
867,Matthew Butler,jeffrey52@example.net,2005-01-12,1
868,Corey Olson,douglas74@example.org,2004-02-28,1
869,Victor Glass,lisa41@example.org,1940-12-01,1
870,James Smith,gpatrick@example.org,2014-07-10,1
871,Breanna Hawkins,tayloralvarez@example.com,2017-11-17,0
872,Isabel Roman,emily88@example.org,1929-07-29,0
873,Elizabeth Soto,bday@example.com,2021-03-16,0
874,Peter Collins,michaelhughes@example.com,1972-05-27,1
875,Wendy Harvey,ronald36@example.com,1967-10-29,0
876,Sue Hall,jacobsadrian@example.org,1942-01-06,0
877,Robert Moon,jerryfrost@example.net,1937-02-23,1
878,Lori Johnson,harrisaaron@example.org,2021-08-15,0
879,Matthew Rangel,plee@example.com,1940-08-24,1
880,Chad Miller,stoutsusan@example.org,1982-05-07,1
881,Heather Smith,juliehart@example.org,1910-11-28,0
882,Lauren Yates,acostapaul@example.org,2021-03-21,0
883,Brenda Kim,daviskelly@example.org,2004-01-01,0
884,Laura Richmond,johnsonamanda@example.org,1991-11-28,0
885,Sandra Nichols,gabriellerichard@example.com,2009-03-04,0
886,Robert Brown,fhahn@example.net,1951-01-19,1
887,Sergio Keith,harmonsara@example.net,2007-04-02,1
888,Joshua Tanner,jonathanwatts@example.com,1926-06-25,1
889,Omar Pennington,edward57@example.org,2002-05-11,1
890,Shelly Ortega,veronica45@example.org,1933-04-07,0
891,Tyler Horne,marcblack@example.net,2011-10-25,1
892,Deborah Thomas,shannonolson@example.org,1920-01-23,0
893,Edward Richardson DVM,shawnmacias@example.org,2008-04-22,1
894,Marco Perez,stevenvincent@example.com,1992-03-13,1
895,Danielle Alvarez,lisa90@example.org,1984-06-20,0
896,Brittany Martinez,marilynray@example.com,1928-03-10,0
897,Gilbert Reynolds,dawsonjordan@example.com,1920-10-14,1
898,Hector Nichols,barbara67@example.com,1974-07-21,1
899,Kristen Brady,laura16@example.com,1919-04-26,0
900,Robert Webb,whitelisa@example.com,1982-07-28,1
901,Adam Kelley,castromonique@example.org,1975-05-15,1
902,Mrs. Jessica Porter,parrishjamie@example.com,1936-11-17,0
903,Lauren Werner,denisewalker@example.com,1944-01-30,0
904,Julie Mcdowell,jamesjones@example.org,1922-03-27,0
905,Jennifer Lane,ann21@example.net,1984-12-29,0
906,Christine Castillo,halljessica@example.org,1993-10-15,0
907,Timothy Mercer,mcclaintony@example.com,1914-04-07,1
908,Mary Dennis,james64@example.net,1958-12-02,0
909,Ronald Rodriguez,gjones@example.net,1974-10-17,1
910,Laura Sanders,woodaaron@example.net,1916-01-09,0
911,Sarah Gonzalez,cody49@example.net,1928-09-23,0
912,Michael Richard,loripitts@example.com,1912-09-15,1
913,Michael Copeland,williamswilliam@example.org,2016-04-26,1
914,Benjamin Yang,danielle38@example.net,1945-06-07,1
915,Gina Stone,gillespiedonald@example.com,1939-03-20,0
916,Crystal Harper,crystal43@example.com,2005-06-24,0
917,James Bass,kyork@example.com,1925-08-23,1
918,Rhonda Haney,yesenia06@example.com,1979-07-07,0
919,Susan Vincent,rebecca26@example.net,2011-09-16,0
920,Brianna Cochran,fieldsmarcus@example.org,1921-08-10,0
921,Christopher Meyer,conniecruz@example.net,1939-01-29,1
922,Nathaniel Collins,morrismichael@example.org,1979-04-18,1
923,Jonathan Crane,amber72@example.net,1919-04-15,1
924,Kirsten Landry,christopherwashington@example.org,2012-09-04,0
925,Teresa Bell,phyllis49@example.net,1991-06-23,0
926,Allison Anderson,kristy95@example.net,2014-04-20,0
927,Heidi Odonnell,arnolddaniel@example.net,1946-05-06,0
928,Derek Mccarthy,brucetrujillo@example.org,1971-04-15,1
929,James Collins,dhahn@example.net,1974-09-02,1
930,Michael Bell,brandon43@example.net,2013-01-08,1
931,Terry Stone,xjohnson@example.net,1952-12-13,1
932,Lisa Maxwell,eandrews@example.net,1917-09-14,0
933,Riley Rogers,vjones@example.com,1909-07-21,1
934,Beth Gonzalez,bmartin@example.com,1944-02-10,0
935,Patricia Woods,amandaallen@example.com,2002-10-26,0
936,Gary English,amy77@example.org,1943-07-27,1
937,Debra Shelton,mhall@example.net,2011-12-10,0
938,Matthew Crawford,urodriguez@example.org,1972-03-20,1
939,Stephanie Luna,adam13@example.org,2018-09-22,0
940,Clifford Hill,roseandrew@example.com,1979-04-06,1
941,Christine Anderson,michael60@example.org,1968-10-31,0
942,Brittney Barry,doris91@example.net,1964-01-14,0
943,Jeff Bernard,nelsonkristin@example.com,1989-08-26,1
944,Joshua Moody,julian71@example.org,2002-11-27,1
945,Shari Garcia,barnesmelissa@example.net,1934-01-06,0
946,Nicholas Parker,romerobenjamin@example.org,1998-10-20,1
947,Sara Jones,andrewsthomas@example.com,1980-10-01,0
948,Johnny Grimes,baldwinrebecca@example.net,1942-12-08,1
949,Brian Kennedy,zgrant@example.com,2004-02-21,1
950,Lisa Anderson,blackmichael@example.com,1943-12-05,0
951,Emily Sanchez,wturner@example.org,1943-10-26,0
952,Brian Burke,crystalmiller@example.org,1966-07-27,1
953,Becky Jimenez,iroberts@example.net,1924-06-26,0
954,Ryan Vasquez,diane64@example.net,1993-10-15,1
955,Paul Swanson,tmoore@example.net,1955-05-22,1
956,Wendy Richmond,amygood@example.org,1982-02-20,0
957,Dennis Carney,burtonjacqueline@example.org,1906-09-16,1
958,Dr. Richard Edwards,robert14@example.net,1995-06-12,1
959,Curtis Wallace,clarkjo@example.com,2003-10-22,1
960,Katie Brown,pshepherd@example.net,1910-09-09,0
961,Lisa Lewis,angela52@example.com,1918-01-13,0
962,Tonya Simon,patrick97@example.com,1925-09-18,0
963,Michaela Knapp,qwatson@example.org,1912-12-16,0
964,William Jackson,johnsonkatherine@example.com,1959-03-03,1
965,Leslie Smith,gwagner@example.net,1999-06-14,0
966,Jerry Martinez,tiffany05@example.com,1951-10-10,1
967,Tyler Thompson,sara81@example.net,1941-11-29,1
968,Samantha Freeman,jnorman@example.org,1999-11-17,0
969,Gloria Davis,janehunter@example.com,1940-06-27,0
970,Micheal Butler,steven35@example.net,1967-12-20,1
971,Charles Andrews,umayer@example.org,1955-10-27,1
972,Wayne Reyes,mary48@example.org,1933-04-16,1
973,Casey Rodriguez,williammahoney@example.org,1987-03-26,1
974,Michael Mays,rachelfranklin@example.net,1961-06-10,1
975,Joanne Duarte,laura40@example.com,1914-12-20,0
976,Morgan Meyer,megansmith@example.org,1923-01-07,0
977,Hannah Larsen,mhenry@example.org,1910-01-20,0
978,Gregory Smith,susanmiller@example.org,1909-04-17,1
979,Jamie Lewis,josephherrera@example.org,1966-09-14,0
980,Timothy Gomez,edwinpotts@example.net,1906-05-14,1
981,Robert Chambers,kimberlyfigueroa@example.com,1992-04-28,1
982,Dr. Daniel Jackson,christopher89@example.net,1938-10-08,1
983,Sara Martinez,charles47@example.com,2020-11-01,0
984,Barbara Flores,phays@example.org,1994-07-10,0
985,Johnathan Gonzalez,cdavis@example.com,1974-04-21,1
986,Gregory Adams,richard71@example.net,1925-07-03,1
987,Cheryl Snyder,staffordscott@example.net,1985-05-31,0
988,James Butler,malonejulia@example.net,1991-05-29,1
989,Kaylee Wood,ryan38@example.org,2005-11-15,0
990,Thomas Mcguire,curtisspencer@example.net,2005-12-23,1
991,Kelly Francis,ytaylor@example.org,2016-11-08,0
992,Amanda Stewart,rachelshort@example.net,1975-10-25,0
993,Micheal Rodriguez,jerryhood@example.com,1909-11-09,1
994,James Gutierrez,catherine24@example.com,1957-06-27,1
995,Jonathan Melton,hannah03@example.org,1965-01-05,1
996,Vincent Miller,ehale@example.org,1910-11-11,1
997,James Hobbs,diamondpark@example.com,1925-01-01,1
998,Henry Garcia,baileytimothy@example.net,1981-05-05,1
999,Christopher Tran,vlewis@example.net,1912-10-31,1
